X,F,G
"[3.9002119520092045, 1.904995987540611, 4.193099576956777]","[9.998307516506593, 52.63198050814242, 0.5483238993981845]","[-0.0016924834934073374, -5.988947301688751, -6.024104251245712, -6.058766053604884, -6.199352940456736, -6.175644950749132, -6.07442214070861, -9.87264012848568, -9.797000943598679, -9.8303039304719, -9.91775223647098, -9.919626096776236, -9.784137174252713, -49.716538465441715, -49.451371873950265, -49.661015273093085, -49.79458302566659, -49.82839442414184, -49.41333405066561, -99.80775416531407, -61.50317329213638, -82.78182917919615, -98.50559236043152, -99.9084797360576, -99.99996163201655]"
"[4.998537119687602, 1.833513256985426, 3.1500955579780547]","[9.982145934651083, 51.94544496481945, 0.8163140027915853]","[-0.017854065348917203, -5.995882780458249, -5.9623839717714056, -5.984352263141578, -6.215773350104548, -6.140583195178655, -6.076856412289502, -9.827426889956305, -9.688521182313394, -9.726146354890638, -9.928092764070708, -9.86831734199571, -9.752317417397279, -49.54145259916286, -48.88397335774425, -49.06576146654013, -49.78817703247422, -49.547898162635015, -49.15428708631336, -99.67496541609589, -61.57277216270185, -82.73100247565294, -98.50329902366425, -99.90673574843798, -99.99994977908324]"
"[0.7606431419543941, 1.0, 1.0]","[2.760643141954394, 82.02608317565965, 36.35173975668051]","[-7.239356858045606, -4.641235607905123, -5.30278658299935, -5.030229580067524, -5.964443783999635, -5.704381224229685, -5.726226360944451, -5.833957596458827, -7.178709674734754, -6.10916214595405, -8.969065569439138, -8.21700015919864, -8.1738968039888, -0.0021749947216846977, -40.03362124255594, -37.7235574207353, -40.88514065364103, -44.39401024459145, -30.25838414663719, -91.32954022897623, -53.857094836736586, -81.93821992145449, -98.45410852621964, -99.840902823274, -99.99924078232962]"
"[4.53083447860539, 1.6120011074620682, 3.065143086019255]","[9.207978672086712, 52.17389426029557, 0.9844633584358644]","[-0.7920213279132877, -5.963777617000371, -5.940765552849923, -5.969239726385957, -6.2061971031020295, -6.1331003521847265, -6.055064318963569, -9.82535645167408, -9.649209946537898, -9.697936535006653, -9.911610786875253, -9.854388493641984, -9.706008930172976, -49.55695281720575, -48.67720634104505, -48.92098090901891, -49.7250954343928, -49.476055453326126, -48.957376319745066, -99.65196063667821, -61.35346655269202, -82.70934287656726, -98.50184961588788, -99.90746748356901, -99.99994550297893]"
"[1.3281376661605846, 1.0, 1.3936362595149607]","[3.721773925675545, 56.40623016676193, 11.110407483679113]","[-6.278226074324455, -5.463559807923913, -5.628586309301521, -5.642207942786244, -6.092314545976461, -5.980801739898466, -5.822822446027383, -8.578486569346044, -8.731062127360234, -8.64162923768017, -9.50947899413009, -9.370535039206572, -8.777084139705824, -37.986556387163645, -40.918223986401884, -44.33021627428532, -46.64875512527716, -47.13473443056236, -40.371497267956116, -98.11417422758754, -59.47270088884072, -82.27491381525768, -98.47350496783211, -99.90126807275217, -99.99966649445678]"
"[0.9104090906232989, 1.0010619954495235, 1.0006038002577209]","[2.9120748863305432, 69.92774026202977, 26.731521273701336]","[-7.087925113669456, -5.013256941662876, -5.406498704689097, -5.299525186073325, -6.031104508992628, -5.827970293670491, -5.7379867393681065, -6.8556857222658145, -7.817230831731594, -7.2380194210803985, -9.204930845300868, -8.729316398089262, -8.251740044482501, -13.075893222034153, -33.83350701948899, -41.08221580241013, -43.04495613119755, -45.394275444145734, -31.190522792422136, -95.46068633323185, -55.92587171882699, -81.98197882376564, -98.45621947537322, -99.86509610582725, -99.99936380370909]"
"[0.8608422083158118, 1.0, 1.0]","[2.8608422083158116, 72.84451888442452, 29.087216853308703]","[-7.139157791684188, -4.910593511809288, -5.395912679804331, -5.225652026842166, -6.013012730793114, -5.794100657682228, -5.734055561272881, -6.624415245427453, -7.670243873036382, -6.9426205992421135, -9.140466815858904, -8.596003899676829, -8.22564868821869, -9.59372540270175, -35.39319034038414, -41.11347912907126, -42.452125108197066, -45.9460477741403, -30.872481894000472, -94.41635886375944, -55.445861520886396, -81.98141328437686, -98.4569360948166, -99.8591692577461, -99.99933067638037]"
"[0.9244897968974196, 1.0024211120263167, 1.007564140737171]","[2.9344750496609073, 69.21192721201146, 25.9520967860919]","[-7.065524950339093, -5.038153267052532, -5.413676064077386, -5.318500399617379, -6.035125845979982, -5.836695019179777, -5.740970440822199, -6.9316653637090475, -7.862122942045483, -7.315226448220397, -9.221966679507494, -8.764387648132645, -8.270261010153085, -14.299914496212324, -33.85563146623238, -40.88241864075292, -43.23300193020549, -45.31131476801343, -31.5175295236984, -95.66561578016434, -56.08296624532941, -81.99114834496872, -98.45666952569198, -99.86691162924234, -99.99937631677786]"
"[2.6336794638473218, 1.3980294104010904, 3.951738510734886]","[7.9834473849832985, 53.898369813958396, 1.1276139841324855]","[-2.0165526150167015, -5.848338165823911, -5.995547648108807, -5.989358673280169, -6.139138420180318, -6.146692962968465, -5.976310152845584, -9.71931045417004, -9.73058373139368, -9.686317154240047, -9.830345667709553, -9.857641177050255, -9.629484099864579, -49.41419349073747, -49.32989289307943, -49.62656287619776, -49.51044827896861, -49.831951751673664, -48.880709611481784, -99.6773530016869, -61.033110044305715, -82.7798049066743, -98.50326177875368, -99.91176768429675, -99.99993699736662]"
"[1.1069000744464252, 1.0, 1.2406789389923252]","[3.3475790134387506, 61.00512739982808, 16.01398661710989]","[-6.65242098656125, -5.274152100741054, -5.56875399813275, -5.519282460132147, -6.063612806704917, -5.929352048943664, -5.793011971416994, -7.972457237484447, -8.4579891040256, -8.121555519792159, -9.385630862660072, -9.135652997665838, -8.595173889845444, -30.313544914096, -39.54267238036414, -44.3642087512424, -45.389373181384656, -47.07664959948974, -37.64448640999613, -97.52514673858346, -58.47874245249939, -82.20361596568891, -98.46931834652966, -99.89138421586509, -99.99956182493618]"
"[3.4623736268408907, 1.6375012405623208, 4.444415021494332]","[9.544289888897543, 54.13682877745587, 0.6268650761759232]","[-0.45571011110245685, -5.944022272134166, -6.018232698986593, -6.059794418849261, -6.176490936387438, -6.178816492753718, -6.035502584257451, -9.837366446335317, -9.787195496443585, -9.81019835211935, -9.892503972024942, -9.91197795438168, -9.740330138247867, -49.76177728393554, -49.4657944934908, -49.75133833267902, -49.731425950867326, -49.867184271311736, -49.31306638299084, -99.80894790669915, -60.887800054549345, -82.79483826319255, -98.50527321044767, -99.90954901691859, -99.9999596023476]"
"[3.2575577835500806, 1.5050460369325134, 4.223432870689223]","[8.986036691171817, 54.59473739306722, 0.755977749393985]","[-1.013963308828183, -5.919079042053122, -5.998810963214829, -6.045919555106702, -6.167146288335255, -6.172383463472995, -6.0139322648272735, -9.815927771421345, -9.756613034301903, -9.786347273141432, -9.875881818636838, -9.900852535573707, -9.700307586140424, -49.7457303864752, -49.352855684622, -49.70241070672284, -49.671577649000454, -49.84063901781077, -49.16266164471039, -99.78028861457565, -60.65047620592135, -82.78473298215562, -98.50392352965227, -99.90977441820428, -99.9999549351203]"
"[0.9735318505732107, 1.0009970875902152, 1.1113131027725571]","[3.085842040935983, 66.12586059280635, 21.664021361269924]","[-6.914157959064017, -5.106913129149987, -5.491279508296936, -5.384172470150926, -6.040552851812784, -5.867120301904443, -5.765214286451845, -7.355640896468774, -8.11496088372249, -7.595537535206473, -9.273849432263175, -8.895115226943979, -8.41959806855029, -21.39358393219692, -37.56836065819428, -43.577545113845346, -44.08861407847084, -46.73987328986172, -34.58569404537942, -96.27099444682815, -57.16097039318801, -82.10977467973933, -98.4642139004403, -99.87775709899918, -99.99945550140741]"
"[0.7848102311039178, 1.0, 1.0]","[2.7848102311039176, 79.2956358078773, 34.19674791116623]","[-7.215189768896082, -4.7153536808051895, -5.341281405987324, -5.084167841314703, -5.977960222271585, -5.729147139597397, -5.728213705219068, -6.156228663539814, -7.32623286414773, -6.3456679431115735, -9.016729302979718, -8.324784714608978, -8.18695039921772, -2.7153901320345994, -38.70289988242138, -38.68400388067105, -41.321902622903536, -44.83366137641121, -30.413229374708905, -92.22669735628166, -54.33445079790235, -81.95783944139603, -98.45588592813169, -99.8462792314802, -99.99926611312983]"
"[3.558281330422495, 1.4915340836335056, 3.764446652056124]","[8.814262066112125, 53.997280787045774, 0.8329124759062989]","[-1.185737933887875, -5.934117399320742, -5.9709703196825155, -6.021476765289409, -6.181724242809976, -6.157095622814451, -6.026355049499971, -9.84458619364204, -9.711206969147481, -9.778448829322326, -9.886085121208309, -9.893362478743338, -9.693445386715636, -49.76312513794913, -49.10518684530044, -49.43321676114374, -49.6766688522004, -49.71425899655002, -49.06289793290711, -99.77379712652534, -60.749889006814364, -82.74701113627276, -98.50230610905261, -99.90887482727062, -99.99995366732067]"
"[0.7986678383289736, 1.0, 1.0]","[2.7986678383289734, 77.90005214026247, 33.09137969098664]","[-7.201332161671027, -4.754944420617287, -5.361729554419694, -5.112940399187805, -5.9851503527314005, -5.742359799152246, -5.729326517875114, -6.25886079580831, -7.401672560152528, -6.469986460663085, -9.042070007123083, -8.381436888861646, -8.19422639368766, -4.143069399628985, -38.007726006322855, -39.18849524825151, -41.55356381014397, -45.065037100799714, -30.50001905738415, -92.69118977848072, -54.57814903749022, -81.96586108273686, -98.45650504324355, -99.84904328674796, -99.99927946990468]"
"[0.9967561010422499, 1.0, 1.1185403948859003]","[3.11529649592815, 65.12590787319476, 20.80882995853228]","[-6.88470350407185, -5.142542681219267, -5.497336188690465, -5.410769762473407, -6.046491691768045, -5.879332349111275, -5.767882786924243, -7.449779715455861, -8.16564248497933, -7.696506056713693, -9.295776706294273, -8.940738725023675, -8.435644387364926, -22.736505052207463, -37.341053905093545, -43.3193044261794, -44.29942345093238, -46.52081522708059, -34.84198815692711, -96.5919428373013, -57.34871891433521, -82.11290425397166, -98.46418360554561, -99.87986211836089, -99.99947003233981]"
"[2.1506491587470684, 1.2295196839401787, 2.6004323173950388]","[5.980601160082286, 52.83358523169387, 2.511245662492123]","[-4.019398839917714, -5.764524737369874, -5.885302232090011, -5.919234099429541, -6.136995685832726, -6.113838231228115, -5.94456366899931, -9.581299461632607, -9.503463557956794, -9.500575824644725, -9.765180244590903, -9.769372365444683, -9.435229452766738, -48.2498784956411, -47.99465019992283, -49.00215116488147, -49.04603340845182, -49.474308395735505, -47.51284083922869, -99.44981089565758, -61.145726822902546, -82.63368439122422, -98.49476136980749, -99.91094050722054, -99.9998877253126]"
"[0.9364120604358469, 1.0, 1.0]","[2.936412060435847, 68.6097332056401, 25.77514493547729]","[-7.063587939564153, -5.0617621198811165, -5.408945971901735, -5.3342678107345645, -6.039441124573167, -5.841065113663813, -5.739355528094945, -6.9577322908197665, -7.872250928343505, -7.368639811751322, -9.233896355377999, -8.787928653980854, -8.260921787171032, -14.60292070541334, -33.06495858634747, -39.95834785366927, -43.303722647852425, -44.88061796924754, -31.290951349778158, -95.7784327511864, -56.126929462865235, -81.9782402645769, -98.45569974144489, -99.86768088999355, -99.99937812946325]"
"[0.8739775794864499, 1.0, 1.0]","[2.87397757948645, 71.98228475375589, 28.40770297417492]","[-7.12602242051355, -4.939524467190939, -5.39935054008021, -5.2465072724332975, -6.018118924395152, -5.803662159015725, -5.735029232703626, -6.689970555705791, -7.7141216023971335, -7.027119583394137, -9.158472016111133, -8.634163031951934, -8.23201386592994, -10.575319073113434, -34.93035837836405, -41.45926668208417, -42.616753636892355, -46.10398034493344, -30.947803552789974, -94.71922275567266, -55.58974605911659, -81.98192352674499, -98.456755112509, -99.86090690319226, -99.99933994044493]"
"[0.8990853467485782, 1.0, 1.0]","[2.899085346748578, 70.49227616637262, 27.23965094782994]","[-7.100914653251422, -4.991558808415069, -5.404363980902675, -5.283932728986574, -6.027246376942933, -5.820819147849699, -5.736795259283795, -6.805802198301475, -7.787093547777599, -7.175645048834571, -9.190772817566437, -8.70124201174178, -8.243892975841435, -12.313681457382671, -34.11807013016269, -41.54383270952815, -42.910835203174486, -45.60361746349412, -31.088690087303135, -95.24819334514204, -55.83237522370033, -81.9813554243787, -98.45633671698448, -99.86390586482123, -99.99935638549567]"
"[0.8196549083378163, 1.0, 1.0]","[2.8196549083378164, 75.99066133893757, 31.577480995416657]","[-7.180345091662184, -4.811242526545619, -5.380268086704287, -5.153798589456709, -5.995292244483866, -5.76111542863884, -5.730956171039284, -6.393481731937957, -7.504511761607287, -6.644195586466459, -9.077884265834141, -8.460612504084693, -8.205074517795245, -6.146412273152066, -37.03892011177109, -39.89665827870233, -41.88103781685149, -45.38928236745445, -30.62877886483699, -93.3336220565901, -54.90935491029233, -81.97423887822471, -98.45699639692141, -99.85284939558709, -99.99929824851965]"
"[0.7702259497912252, 1.0, 1.001334833598463]","[2.7715607833896883, 80.894622843993, 35.43056992443392]","[-7.228439216610312, -4.671113547176805, -5.318587168167291, -5.052195673711121, -5.9697825147739225, -5.7144891227357535, -5.727319914901899, -5.96443940594153, -7.240757500312348, -6.206090703551035, -8.98841624440028, -8.261232338264357, -8.181000701107918, -1.1865573053021023, -39.56475305421492, -38.116841474902564, -41.07016341202825, -44.574396156180164, -30.36548021901688, -91.6948447720867, -54.06281501725697, -81.94870420786152, -98.45504191669943, -99.84321469841609, -99.99925183946354]"
"[0.8351068262395445, 1.0, 1.0]","[2.8351068262395445, 74.72525036485361, 30.57407907956401]","[-7.164893173760456, -4.850147027943481, -5.387112763350666, -5.181983113443245, -6.00225986572841, -5.774057101792356, -5.732166993204909, -6.484947346632705, -7.572002210234832, -6.762542875095509, -9.102482213754973, -8.51433741929825, -8.212933035796926, -7.510000223067493, -36.384457358891325, -40.37840756335423, -42.10570303577177, -45.609558166529396, -30.721573967379776, -93.76547825825081, -55.127281259379906, -81.97811272959412, -98.45709824719451, -99.85538673321511, -99.99931105687433]"
"[1.2317634620760518, 1.0, 1.3776843307714826]","[3.6094477928475346, 57.82119437835422, 12.289093424347726]","[-6.390552207152465, -5.387995423648455, -5.628275911976302, -5.612942126356348, -6.078235002112878, -5.971920519338274, -5.814996226127483, -8.412178874072122, -8.690879286253079, -8.471680816189602, -9.462997927199995, -9.295950970596289, -8.738301152655668, -36.05228393993251, -41.35373754060343, -45.23733225119143, -46.27453800901033, -47.53959976579657, -39.930543064218895, -97.99452257873705, -59.332818140967284, -82.277119537001, -98.47344961220801, -99.89974241083159, -99.99963982407141]"
"[1.8783169209536545, 1.1495101481093672, 2.22227179918285]","[5.250098868245871, 53.0868778281679, 3.7343038725164934]","[-4.749901131754129, -5.694779996950175, -5.834434876180556, -5.863414049930972, -6.124374890542153, -6.087458409078404, -5.915109061416707, -9.451279635798004, -9.367382349129922, -9.34242990959706, -9.709777645054665, -9.696482945738289, -9.302390650075184, -47.02161677412711, -47.07715507864087, -48.50079369902386, -48.64731248171123, -49.21492129846482, -46.43859515979307, -99.23598942829739, -60.99415816803845, -82.5642304500295, -98.49049682365127, -99.91080448538983, -99.99984979293]"
"[1.3671703365725882, 1.0, 1.2238714661418884]","[3.591041802714477, 56.93803389105466, 13.280317748380744]","[-6.408958197285523, -5.504213902623297, -5.5468196116831345, -5.568264615822281, -6.105928941605067, -5.944475372626487, -5.8071541668118645, -8.36821323067877, -8.382899032357724, -8.562453201588898, -9.520224737030968, -9.324063671184943, -8.662675113675604, -35.35204521259591, -36.759403251159995, -40.164611112269824, -46.435583024915914, -45.16191011312205, -38.19228527692813, -97.72494956356249, -58.70776111237474, -82.16335639425117, -98.46796715013436, -99.89530553454368, -99.99962103361155]"
"[1.3317727201702616, 1.0, 1.5559412657154599]","[3.8877139858857213, 55.8884079349546, 9.58400183403853]","[-6.112286014114279, -5.455811213878073, -5.689456976268633, -5.673677184023706, -6.083098877921205, -6.000599884034792, -5.832249841388811, -8.743848538350075, -8.887972126000166, -8.703123051827923, -9.512020869669117, -9.40354537270925, -8.86715574494989, -40.01275817381934, -43.43669083813216, -46.70627529333405, -46.90122839762639, -48.26773122025289, -41.89937516267738, -98.3919691501303, -59.990688690694995, -82.35584310943759, -98.47775353975683, -99.90596033637216, -99.99970151969274]"
"[0.841952089072848, 1.0, 1.0]","[2.841952089072848, 74.19852272300092, 30.15713375099959]","[-7.158047910927152, -4.866779829623737, -5.389754042150322, -5.193969548247961, -6.005217722927216, -5.7795545987989865, -5.732668005776143, -6.523551539148997, -7.599817861209171, -6.81249849046451, -9.112912975795632, -8.536974089075674, -8.21632173929351, -8.086189408715597, -36.10923474196585, -40.58164133511316, -42.20110346347954, -45.70275579853507, -30.762152294231694, -93.94705141340248, -55.21712290694828, -81.97934362587333, -98.45708551406449, -99.85644467488476, -99.99931647612313]"
"[0.956197785059945, 1.0, 1.0]","[2.956197785059945, 67.74709481156863, 25.109942064007317]","[-7.0438022149400545, -5.095968459696188, -5.410377762753952, -5.349193282557439, -6.045310614171238, -5.846579612769416, -5.740661790156833, -7.029680535028536, -7.907531142787407, -7.458902873490647, -9.254666332017461, -8.828273673461679, -8.26973974168806, -15.691362484160209, -32.57196252433948, -39.20966017902634, -43.493094739439584, -44.53943389244995, -31.39483097720267, -95.97094537411918, -56.25531480114963, -81.97597596027568, -98.4554072413775, -99.86939597066976, -99.99938850898027]"
"[0.8127310380204749, 1.0, 1.0]","[2.812731038020475, 76.59476655132224, 32.056808810506105]","[-7.187268961979525, -4.793151397259334, -5.376727863676836, -5.140650275097174, -5.99203045253262, -5.755098978974256, -5.730416668173563, -6.35044658987081, -7.4721037628351406, -6.5884826411773485, -9.066367631918201, -8.435310016465829, -8.201537508634441, -5.505550201905123, -37.347936880244646, -39.67012981849966, -41.775957607069074, -45.28553395843721, -30.586650847036047, -93.12969757575425, -54.80481525045742, -81.97187264108854, -98.45688418873195, -99.85164150930322, -99.99929223646242]"
"[2.5080555165742893, 1.4320958780235682, 2.9389850936725197]","[6.879136488270378, 52.636607367312905, 1.6507303263781918]","[-3.120863511729622, -5.839509081767667, -5.933389978447146, -5.9692474296870115, -6.159876357993507, -6.134037324445747, -5.993072443956959, -9.692340177910268, -9.61937225085736, -9.627161972529096, -9.827221627179807, -9.82724616015771, -9.577021030837008, -48.832677964089136, -48.6232586326671, -49.267680610832294, -49.384868788527584, -49.61919492206976, -48.35964173243215, -99.57476057838635, -61.40482914362677, -82.69116581698299, -98.49923130798346, -99.90949618461573, -99.9999149312445]"
"[3.971770826425344, 1.5700992689924593, 4.409728105375926]","[9.951598200793729, 55.38518664007376, 0.5899736791492445]","[-0.04840179920627108, -5.955467219874774, -6.000582372133347, -6.053430713648466, -6.185827964123027, -6.172106560708891, -6.04011350491007, -9.873370728162222, -9.767350226427652, -9.826789864756774, -9.903565745034156, -9.91645093151295, -9.744476834948456, -49.909198255307935, -49.379183542783345, -49.624347053032054, -49.76087196730548, -49.80915578773894, -49.3248642447957, -99.80989693718044, -60.34359647244611, -82.78513518451658, -98.50429924153312, -99.90839739961524, -99.9999652802844]"
"[0.9712919544268157, 1.0, 1.0]","[2.9712919544268157, 67.14275020247568, 24.646895806726913]","[-7.028708045573184, -5.120772893330623, -5.411089696146035, -5.358029804473472, -6.049551287972758, -5.850217072636781, -5.741663240019993, -7.08100915516027, -7.9304358848835275, -7.522586125630385, -9.26971812080027, -8.856646064343458, -8.276205726340265, -16.469865408100077, -32.22283338120715, -38.67650775135053, -43.629686497837554, -44.29657344168484, -31.472585569379, -96.1081265655406, -56.34233714536871, -81.97416342603825, -98.4552180624598, -99.87058724835481, -99.99939595169323]"
"[1.0369965393189322, 1.0, 1.1134281672302058]","[3.1504247065491375, 63.79007475792363, 19.859334463200664]","[-6.8495752934508625, -5.201145037730829, -5.494986947834977, -5.45106322202453, -6.057351007451059, -5.89396705501999, -5.769817526789357, -7.562028070333511, -8.213863688547766, -7.843790951881678, -9.331082495968092, -9.006304686097987, -8.446164246462429, -24.240257397729664, -36.37124672731818, -41.950070976937894, -44.58473993333706, -45.89325339699056, -34.89916908070792, -96.90339999369166, -57.50818388710075, -82.10071021224283, -98.46314217490017, -99.88197548369011, -99.99948557803525]"
"[0.9800330163543037, 1.0, 1.0104418712885326]","[2.9904748876428364, 66.69481845709214, 24.06221495070308]","[-7.009525112357164, -5.132936082982364, -5.419796965128102, -5.368952405972527, -6.051059392700341, -5.8552666810888425, -5.744791512709666, -7.139480706220848, -7.963321273050132, -7.565995143070327, -9.27839585094212, -8.876657536922647, -8.294749940441358, -17.433592970271974, -32.62023095681067, -38.95390462183505, -43.751655385074656, -44.43428778586801, -31.85226950591827, -96.21443608393099, -56.47801768085026, -81.98731059144178, -98.45604481639111, -99.87196948141745, -99.99940647120593]"
"[3.0762982689345035, 1.3173117101078309, 3.0371620113756177]","[7.430771990417952, 53.27316875630108, 1.4102273011287996]","[-2.569228009582048, -5.886800639990661, -5.911816300986116, -5.963721077297057, -6.171346607157792, -6.1296281691814425, -5.992737608532262, -9.793345984877982, -9.589076017570806, -9.681040040986687, -9.849892584373446, -9.84609666207995, -9.583442949792149, -49.48147273991313, -48.42553783818889, -48.93900728359839, -49.484738247980886, -49.470399795104, -48.44166859767539, -99.64918016059347, -60.80391611534367, -82.67882495268836, -98.49819529531602, -99.90902236240527, -99.99993215807922]"
"[1.243962582366894, 1.0, 1.246149200852639]","[3.490111783219533, 58.27392698948383, 13.947876377164782]","[-6.5098882167804675, -5.409570822209918, -5.565133574638355, -5.570858959042345, -6.088452634178357, -5.947258285622519, -5.8028973725782, -8.248734216203795, -8.490824638640268, -8.429162415852872, -9.467357486467664, -9.270739043624477, -8.64547646244726, -33.806474087341925, -38.21181352825148, -42.15878772296057, -46.05580139015298, -46.07800606904925, -38.18683326449316, -97.69710754968438, -58.75928443822674, -82.18871824518422, -98.46859706876567, -99.89494486281161, -99.9996039620029]"
"[1.0331743755836733, 1.0, 1.0]","[3.0331743755836733, 65.03563039683326, 23.078047399605992]","[-6.966825624416327, -5.2123280978470685, -5.411962567662886, -5.384804488037761, -6.064955758282561, -5.861026272064307, -5.745466351457323, -7.263586488325281, -7.898650139114137, -7.742645867922831, -9.324446758766962, -8.9538262853813, -8.30203323103885, -19.25646535805714, -31.001281143068894, -36.78724039557838, -44.127680689627255, -43.436800226720834, -31.77852166383859, -96.53376953262836, -56.616874977828914, -81.96656516850302, -98.45472729696763, -99.87457291976625, -99.99942274560802]"
"[1.2409025867466155, 1.0, 1.1661664546846577]","[3.4070690414312734, 58.90319850577204, 15.478296939170395]","[-6.592930958568727, -5.414819539484271, -5.520867967966807, -5.529383176497136, -6.092481642623555, -5.927095820173682, -5.7914469848723735, -8.094987447904092, -8.297763029139615, -8.360111640767206, -9.463109073437746, -9.234915121923152, -8.572487168926584, -31.700995538825936, -35.8154176725598, -39.8645021689217, -45.84368767004055, -44.985865001259626, -36.78046817493829, -97.45184060764731, -58.298113418241876, -82.12526817667091, -98.4651155239581, -99.89126151212386, -99.99957240173043]"
"[2.9489388874845215, 1.5423233063487527, 3.6409740189378086]","[8.132236212771083, 52.962633132155524, 0.998553462496457]","[-1.8677637872289168, -5.898016684237269, -5.983341146620014, -6.0195638406443095, -6.168982114664064, -6.15981292744293, -6.017682603510172, -9.776952799751456, -9.721284991811988, -9.735167072916456, -9.864855663178155, -9.877434582504439, -9.67323197864033, -49.44311551157978, -49.170586369660086, -49.59480889684634, -49.59910662814106, -49.785739870759514, -48.96062397171433, -99.72937261039439, -61.30821814700484, -82.75024647433551, -98.50272174370248, -99.90979752427194, -99.99994166085615]"
"[1.5421574020198996, 1.0029903985415123, 1.9161510510289692]","[4.4612988515903815, 53.763506589344324, 6.161528990556353]","[-5.5387011484096185, -5.56572631258617, -5.772185509955999, -5.769380909486804, -6.091212801277955, -6.044778242523762, -5.854241873305174, -9.184705514087455, -9.156363284238214, -9.04373766049422, -9.590552524356236, -9.561085515504224, -9.05582946143284, -44.71566708373935, -45.766965444762874, -48.14066945613715, -47.77830006646178, -48.994332689150546, -44.398928744238056, -98.92733253133915, -60.64324886154928, -82.4655887042982, -98.48335064930404, -99.91233163843866, -99.99978714161524]"
"[1.3942613843415597, 1.0, 1.042154316825943]","[3.436415701167503, 58.67121246120813, 17.471338828888488]","[-6.563584298832497, -5.472130952595506, -5.434010656506981, -5.4518454235647456, -6.115752334681456, -5.889027155481337, -5.774328440417771, -7.954412622764313, -7.865963295469662, -8.086977343259273, -9.517721035070842, -9.082696211498334, -8.479658921218599, -29.92204283343861, -29.868394567953743, -33.35765607726552, -46.00211633784025, -41.93313911505675, -34.44599394358523, -97.05048708712002, -57.427558575575794, -81.99798530542732, -98.45947765502684, -99.88577795318564, -99.99953686623246]"
"[3.7077984632127494, 1.4855351901986267, 2.4936395512868135]","[7.686973204698189, 52.11058704095501, 1.6641526791438692]","[-2.313026795301811, -5.933116145649146, -5.880960545351673, -5.909070002877567, -6.196944535386999, -6.104641136779214, -6.0222633511757095, -9.716229873612267, -9.509393909909585, -9.57194832729519, -9.882202889115238, -9.79402920034168, -9.60495320263487, -48.99566467571574, -47.790482875269404, -48.17617292225314, -49.55891800650157, -49.11578243438392, -48.289010393901755, -99.48171722525217, -61.217576922674475, -82.65010060899766, -98.49853193123197, -99.90617188742547, -99.99991812319232]"
"[0.8488103758964785, 1.0, 1.0]","[2.8488103758964787, 73.69042514208982, 29.75537713083042]","[-7.151189624103521, -4.882976356842429, -5.392178128316247, -5.205712131600061, -6.008112582153924, -5.784955344736288, -5.7331700743377105, -6.561110122189945, -7.626474009105705, -6.8610022869586365, -9.123120837094106, -8.558974798840028, -8.219754525448222, -8.647184333943187, -35.842071907826465, -40.779874213057894, -42.294269762237235, -45.79325232500876, -30.80248668344928, -94.12198301761856, -55.3033419364386, -81.98031591794947, -98.45704975201464, -99.85746610617349, -99.99932175671012]"
"[1.273779910480798, 1.0, 1.0160159650443943]","[3.2897958755251926, 60.19213232245547, 19.217955529745232]","[-6.710204124474807, -5.440227495900538, -5.417946379150348, -5.429763361572052, -6.103959046800981, -5.879098066672882, -5.7623172233781, -7.748275322997074, -7.812018726595346, -8.053866250606038, -9.468859955334873, -9.066144697992412, -8.409773145071007, -26.79956148019201, -29.198895241335265, -33.25467054133398, -45.489815286387085, -41.854539977474104, -33.28857996386247, -96.85607581991485, -57.15639747160087, -81.96970822453218, -98.45679897110654, -99.8828682033443, -99.99949981873326]"
"[0.7779938615586957, 1.0, 1.0]","[2.777993861558696, 80.0256568221636, 34.77406537719331]","[-7.222006138441304, -4.6950903692290655, -5.330793223873188, -5.069431310478626, -5.974284486801244, -5.722410964794171, -5.727651085293389, -6.068717606019117, -7.286691601382294, -6.2815362770869, -9.003730356673966, -8.295581698132306, -8.183284814830444, -1.98002775495317, -39.06237862102961, -38.423363990257315, -41.20309254939224, -44.7146335934404, -30.370009323799856, -91.98485859926308, -54.206749332126066, -81.95311346592234, -98.45547929819156, -99.84483517456793, -99.99925924112979]"
"[0.7927412247784722, 1.0, 1.0]","[2.792741224778472, 78.48310437770506, 33.5532521477987]","[-7.207258775221527, -4.738220523607496, -5.3531333509339145, -5.100787330638983, -5.982120773624965, -5.73679532201099, -5.728869310037035, -6.218501497066914, -7.370159271526736, -6.417803657069888, -9.031439452180976, -8.357624117944136, -8.191095386556162, -3.543214308606281, -38.29935560312538, -38.97637885945798, -41.45606392563087, -44.96782589439102, -30.46307595086934, -92.49605204455996, -54.476277745095004, -81.96272784451546, -98.45627075706403, -99.84788708321175, -99.9992738554231]"
"[1.208108800703683, 1.0, 1.4415039581930145]","[3.649612758896698, 58.02911631689999, 11.962970106742423]","[-6.350387241103302, -5.36185703258066, -5.655960986425082, -5.599019165877303, -6.069447265714893, -5.966262396190054, -5.817497135834389, -8.43550786924395, -8.738119792304882, -8.438845594331958, -9.44974471757971, -9.283417334628433, -8.770024220078525, -36.48726116522381, -42.738484501262775, -46.40363465062996, -46.28691060823486, -48.22578694651396, -40.55724862069878, -98.08721238460146, -59.52380862088846, -82.31751096746137, -98.47579606334885, -99.90152677848944, -99.99964790553368]"
"[0.8043431924968715, 1.0, 1.0]","[2.8043431924968716, 77.36074521284745, 32.66371674275232]","[-7.195656807503129, -4.770567866247253, -5.3697849101893205, -5.124272894619912, -5.987969116557291, -5.747576761927153, -5.729765561689543, -6.296514128124805, -7.430808567751157, -6.518676767157267, -9.052025689161363, -8.40356217401091, -8.197251350323164, -4.7030035592517265, -37.73612591916222, -39.38663886517261, -41.644799060990465, -45.15557817969952, -30.535153505054794, -92.87132108070466, -54.67175454329139, -81.96852503657931, -98.45668411549794, -99.85011588586711, -99.99928471411033]"
"[4.994895676878577, 1.69546603775175, 3.047941367424911]","[9.738303082055237, 52.0304397068319, 0.9186725423263129]","[-0.2616969179447626, -5.972364554512638, -5.946617468929625, -5.97049796573248, -6.212056671043281, -6.133907771181427, -6.0661111100854805, -9.820911047394672, -9.658630309341872, -9.699765934012106, -9.921513492346088, -9.855662757538528, -9.72705422411649, -49.53807676693243, -48.7238110292315, -48.92831549593887, -49.76061787167966, -49.48159657877592, -49.037709983748215, -99.65017742775082, -61.46180319187445, -82.71634908512286, -98.50246716743652, -99.907057712916, -99.99994679501198]"
"[1.0855142337326082, 1.0037881649064133, 1.0945850079115202]","[3.1838874065505416, 62.693911610696134, 19.241930750564542]","[-6.816112593449459, -5.265212073943866, -5.482095971312442, -5.4598197621673545, -6.069940956986091, -5.896459048439104, -5.77046734376159, -7.643972329294012, -8.197488073844935, -7.980946827742499, -9.369698352181516, -9.065824899343886, -8.44890975857218, -25.29874798426951, -34.88036346074725, -40.03679697171043, -44.8619698571228, -45.00919680181221, -34.714733147971856, -97.0265311765786, -57.529852531152464, -82.07574218057788, -98.46155111588862, -99.8829651586317, -99.99949544769444]"
"[0.8542990230792691, 1.0, 1.0]","[2.8542990230792693, 73.29701749230696, 29.444931191625077]","[-7.145700976920731, -4.895729550867758, -5.393951911573754, -5.214911537489239, -6.010381376794537, -5.78916141744994, -5.733573266571093, -6.59038819875499, -7.6468918434372535, -6.898728136436318, -9.131120678234494, -8.576133447623851, -8.222528676778005, -9.08479332550084, -35.63424053296487, -40.93401325259144, -42.36714475129392, -45.863799741938465, -30.834537000980454, -94.25840657742309, -55.369633914015566, -81.98089185545568, -98.45700340084387, -99.85825675469641, -99.99932587889577]"
"[1.8550805205197318, 1.1053900408336153, 2.0842929924550258]","[5.044763553808373, 53.00010955607913, 4.216915358228906]","[-4.955236446191627, -5.688776056684394, -5.803969335438323, -5.845729446845757, -6.124178410157909, -6.075458803779661, -5.903171581751951, -9.426916975879733, -9.291343194042586, -9.306550184755608, -9.69554689429664, -9.677911490420671, -9.242247642034194, -46.7035511306409, -46.392444316099926, -47.943223456624125, -48.504209371984864, -48.94411747205753, -45.8975477035182, -99.15690984051446, -60.81726376309105, -82.5240619872026, -98.48809329015216, -99.91020703166346, -99.99983788613163]"
"[0.8794547975472926, 1.0047555057722963, 1.0]","[2.884210303319589, 71.88588350270008, 28.076057823913633]","[-7.115789696680411, -4.9495925894289705, -5.400267859861246, -5.253256314483102, -6.020374941749089, -5.806751582754888, -5.736582121371126, -6.71525604235709, -7.733075384701715, -7.061232615291511, -9.168183813312748, -8.649600697011419, -8.242547383221353, -10.976976425232834, -34.8264344095019, -41.613242322064934, -42.71504020957832, -46.055697099961804, -31.068195407820443, -94.81012188949464, -55.602919179523056, -81.98378536061155, -98.45674275632973, -99.86123238716874, -99.99934432429282]"
"[2.6637134664007522, 1.317298809208368, 3.3325340059262327]","[7.313546281535353, 53.56149982058498, 1.3797748080237]","[-2.686453718464647, -5.8497731562400865, -5.942947785242859, -5.992169551275915, -6.150862137537663, -6.1462531543339525, -5.974816080146356, -9.726038645920658, -9.645241788444375, -9.676061580274144, -9.825767559869297, -9.849772345588251, -9.577246354065592, -49.35966755203946, -48.82534071434515, -49.43141221364075, -49.427799827663975, -49.69877044334059, -48.520498771708965, -99.68655320066996, -60.88448893976949, -82.71744343466477, -98.49939922783115, -99.9106215287671, -99.99992971589792]"
"[0.7896337646171725, 1.0, 1.0]","[2.7896337646171725, 78.79752958468976, 33.80185046938396]","[-7.2103662353828275, -4.729339487774134, -5.348525993966198, -5.094328118377458, -5.980505209439446, -5.733839862140863, -5.728612857595297, -6.196904082516912, -7.353198687695453, -6.389789395998497, -9.025727822465031, -8.34491785723855, -8.189465179020784, -3.222344647461739, -38.4556255462775, -38.862774492687564, -41.40400912270644, -44.91603027482082, -30.443601571063482, -92.39161708855359, -54.42143222188289, -81.96086093529047, -98.4561296150601, -99.84726568623444, -99.99927085366252]"
"[3.7243328344636644, 1.5268253988182594, 2.490738697601536]","[7.74189693088346, 52.13262386929681, 1.632925418914341]","[-2.2581030691165402, -5.937509649062343, -5.884343284632791, -5.91093690828909, -6.198780574854263, -6.105601969369875, -6.026257327440333, -9.711325519763726, -9.516611062785554, -9.576715497505589, -9.88562468371148, -9.796407753079121, -9.614965786461749, -48.96136015847224, -47.835102962133945, -48.20617788815104, -49.57357390241371, -49.130764529860116, -48.33326350625674, -99.48128129844643, -61.25112984400191, -82.65488280091745, -98.49884432214131, -99.905842128314, -99.99991823133915]"
"[2.252242176843617, 1.3475106917007802, 3.10376125194637]","[6.703514120490767, 53.02757081141386, 1.8445056141437348]","[-3.296485879509233, -5.785485223445613, -5.949319364027194, -5.935677885901185, -6.136229328109486, -6.121916673137703, -5.966488466075334, -9.617157354521602, -9.629242273439626, -9.561998611008336, -9.792746633646308, -9.800209744598995, -9.5408916302213, -48.68029577252713, -48.87327106335168, -49.408173072561276, -49.27158408371882, -49.732688602810164, -48.27785423149187, -99.5725636549356, -61.41737722057472, -82.70947780142473, -98.49956361267228, -99.91179084121877, -99.99990803136286]"
"[1.0841611137195124, 1.0, 1.1230849333870394]","[3.207246047106552, 62.36237931595133, 18.63531810319596]","[-6.792753952893448, -5.260523132161071, -5.500740864563052, -5.474943115029086, -6.0673954286505065, -5.903999496302386, -5.774635519338146, -7.705818718145819, -8.272838055541644, -7.996714658534635, -9.367784916949805, -9.074595982286372, -8.474613214828745, -26.26999979940993, -35.995332716853824, -41.14345824719432, -44.92764864375815, -45.53384203654784, -35.313365149965506, -97.12995497744183, -57.73844907255837, -82.1031683466306, -98.46322428507243, -99.88473267829805, -99.99950811505836]"
"[3.2828721849435145, 1.7446216378828376, 3.513549252228737]","[8.54104307505509, 52.36768763485058, 0.8754560510198667]","[-1.4589569249449106, -5.942370548367978, -5.987159138833745, -6.02064110830572, -6.1891212931456865, -6.157791665454543, -6.050074150911474, -9.820719510564242, -9.73352626966146, -9.76560971655178, -9.892385267733243, -9.889716559065478, -9.719951149919082, -49.43603227327568, -49.15660668109708, -49.47860817889327, -49.68445172191358, -49.73607747959175, -49.098527703709145, -99.71756650541124, -61.58799837956381, -82.74689946015121, -98.50339232602022, -99.90823206809407, -99.99994542482092]"
"[1.7702248289996012, 1.0, 2.3373668851460714]","[5.107591714145673, 53.33987757863677, 4.082472445250902]","[-4.892408285854327, -5.6478128108528, -5.828996309633435, -5.84293880625488, -6.094630948401614, -6.078664388093347, -5.863560704884447, -9.380784921058572, -9.338126997401053, -9.285521858461761, -9.648562557610875, -9.672696193035863, -9.192402381524223, -47.35121921638939, -47.12750656206099, -48.771103084595026, -48.36442492546225, -49.38154081829937, -45.98325118261923, -99.29560020499564, -60.69165927652281, -82.5550839435836, -98.48720491795639, -99.9144177273262, -99.99984655795453]"
"[0.964157666901747, 1.0, 1.1002845113822033]","[3.06444217828395, 66.55393932018889, 22.21778507492134]","[-6.93555782171605, -5.093350046883508, -5.483414540725976, -5.373023158004429, -6.038713159226938, -5.861977459151882, -5.762354414167435, -7.30009994877819, -8.081640078632818, -7.549189284631559, -9.263880396950317, -8.873832298191433, -8.401724186548522, -20.527025759316388, -37.31612408500541, -43.40818274225117, -43.963162279098185, -46.67648090295364, -34.26364063316802, -96.15680467933836, -57.03842770978237, -82.0988969382117, -98.46358831939682, -99.87646814625452, -99.99944560928148]"
"[0.9536841208537983, 1.0070877253665536, 1.004914504100032]","[2.965686350320384, 68.10250327224813, 24.945443018039306]","[-7.034313649679616, -5.0890988684590495, -5.414202995686905, -5.348669617188734, -6.044503349997536, -5.846610484465218, -5.74334034243816, -7.032877021168652, -7.917429411001598, -7.452539296215601, -9.255666449754353, -8.825821313510168, -8.286884520075237, -15.81278270859039, -33.035141214486885, -39.65203012672674, -43.53499571677099, -44.750072748857946, -31.668179553389077, -95.93450065851961, -56.23162001717515, -81.9866897730046, -98.4560784801959, -99.86903955861796, -99.99939110096071]"
"[0.7643503956235558, 1.0, 1.0]","[2.7643503956235556, 81.58056782717769, 36.00104115310683]","[-7.235649604376444, -4.653020353822766, -5.308963904400748, -5.038821313036732, -5.966608610891273, -5.70834015091517, -5.72652990290927, -5.885667903672549, -7.202726704760606, -6.147182255970255, -8.976669769869126, -8.234348019411145, -8.175881829672186, -0.43808200309823064, -39.81904122075758, -37.87826341255976, -40.95502265751816, -44.46455536128779, -30.28243126864351, -91.47469801993861, -53.93472899303392, -81.94172283473264, -98.45444573072433, -99.84177526870593, -99.99924484760403]"
"[0.8080016368402374, 1.0, 1.0]","[2.8080016368402374, 77.02320679653967, 32.39538863825496]","[-7.191998363159763, -4.780481647594657, -5.37414975746236, -5.131493547956837, -5.989755610094504, -5.750876488592456, -5.73004921929072, -6.320284804302961, -7.449089235889047, -6.549528964007171, -9.058334734027056, -8.4175788879102, -8.199143930027985, -5.056646294245951, -37.564908396714, -39.51163577626295, -41.70253618243552, -45.212875349777406, -30.557677231422176, -92.98515818360848, -54.73057067069758, -81.97005624627947, -98.45678137951629, -99.85078988985924, -99.99928802796843]"
"[0.8881146182693205, 1.0016914741536214, 1.0]","[2.889806092422942, 71.20459048393752, 27.707748947912208]","[-7.110193907577058, -4.968769418760172, -5.402300410642118, -5.2673731009455755, -6.023431051029679, -5.813227567373906, -5.7364409407935835, -6.756271617337337, -7.757609724219967, -7.11290953184177, -9.177856665530584, -8.672904049847975, -8.241510046369351, -11.577637451018205, -34.4909039343257, -41.81668243901699, -42.79678228453375, -45.847060824895976, -31.05934057641821, -95.0143190155788, -55.71662499594492, -81.98251410460136, -98.45655825905918, -99.86251702793427, -99.99934962620934]"
"[2.3090219082079537, 1.0, 2.556798957060649]","[5.865820865268603, 54.33788270050977, 2.7684590789676]","[-4.134179134731397, -5.755638274428568, -5.823417220145717, -5.9004571172943505, -6.126852182661127, -6.0988351925215865, -5.895016658774649, -9.632415923020407, -9.371510287632901, -9.50805179116633, -9.738121209042504, -9.764976195117876, -9.312549556769007, -49.14712673476747, -47.15217775630449, -48.28508600300884, -48.89608662152813, -49.12804556738818, -46.89122394221195, -99.51206759843683, -59.99531457814563, -82.57055399395063, -98.48847594037237, -99.91075727773223, -99.99989537755347]"
"[1.7440744008221354, 1.0, 2.1410417838970486]","[4.885116184719184, 53.14044422889481, 4.612248862851925]","[-5.114883815280816, -5.643092660261569, -5.799031500335495, -5.834592796334693, -6.10168852657697, -6.0747016573775365, -5.866052137461035, -9.363096568886755, -9.261408336405074, -9.24559799052673, -9.64373024175541, -9.652206542173259, -9.150738112223351, -46.792502225269814, -46.40469838946731, -48.276359722454416, -48.234637740088075, -49.08503032468962, -45.44800673179059, -99.18221624225093, -60.64324388796466, -82.5092058137896, -98.48535781938135, -99.91303064976861, -99.99983164209706]"
"[1.6808084741969593, 1.0073590937354933, 1.8543252725037118]","[4.542492840436164, 53.18558613890572, 5.7982359551714096]","[-5.457507159563836, -5.628708969861458, -5.747892075925508, -5.793165127152214, -6.109854897165414, -6.050423063903773, -5.865235975104621, -9.279996724463487, -9.12017334638206, -9.147015195806816, -9.63084809861293, -9.603162469827813, -9.07227708710028, -45.38170114797929, -44.944901562972056, -47.032788200872105, -47.975721860872184, -48.48458985104993, -44.372425074022075, -98.9408321362387, -60.4736974095465, -82.43838406221336, -98.48246013089368, -99.91022476516761, -99.9997987814023]"
"[1.0729037593617141, 1.0, 1.0773761739124905]","[3.150279933274205, 63.06419299384643, 19.959061560457283]","[-6.849720066725795, -5.252632886394791, -5.470178212344121, -5.446617959112657, -6.068235321265318, -5.890260364351416, -5.765416727496728, -7.574315721516548, -8.148135166186643, -7.931367609767681, -9.35823692126394, -9.04281916447107, -8.418618291083467, -24.224060308951522, -34.26443509570939, -39.570065192817424, -44.7039133443148, -44.78026087569731, -34.17854412290406, -96.94007963602694, -57.3836365499822, -82.05658911171096, -98.46037237516418, -99.88162677295699, -99.99948195927861]"
"[1.0372833596886413, 1.0, 1.052198469268026]","[3.089481828956667, 64.32463661420908, 21.381446195323306]","[-6.910518171043333, -5.209980572601616, -5.452505343528198, -5.419528303655033, -6.0621140019696975, -5.878067563971066, -5.757957672004469, -7.420233485573501, -8.092935817441488, -7.803684182249, -9.329859605011988, -8.984832022847254, -8.37384208784284, -21.873327466879886, -33.673384385114105, -39.33871668608987, -44.36989829313168, -44.651743045991196, -33.35630903814713, -96.7674521259054, -57.07187949392515, -82.03248449169726, -98.45884611694487, -99.87833358885808, -99.99945513152373]"
"[1.0486125803412834, 1.0071088705475468, 1.0]","[3.0557214508888304, 64.84373734834207, 22.663244830277332]","[-6.94427854911117, -5.231716242869282, -5.412267027184236, -5.388694732426689, -6.068753408639699, -5.862553849709759, -5.747923766892153, -7.301050019879224, -7.892640795919178, -7.790493393466971, -9.339903747094686, -8.974909502635148, -8.318979521625268, -19.856759872694994, -30.867253024790017, -36.46649926248219, -44.277858590616404, -43.29469721708682, -31.97330957001105, -96.55883296296872, -56.633122052272675, -81.96886962929645, -98.45486995618742, -99.87492165243552, -99.99942936520048]"
"[3.0262671601988185, 1.5177815032715243, 4.027913717156793]","[8.571962380627136, 53.73334717857524, 0.8652636427825794]","[-1.4280376193728639, -5.902002488239817, -5.9987839673991745, -6.0275718285222935, -6.163249262610691, -6.16421700276442, -6.011411516044974, -9.78758230228818, -9.749508187626324, -9.756304758176668, -9.866320665009514, -9.887964989802285, -9.686256412296116, -49.59886479269066, -49.32857949450613, -49.72484832262305, -49.63096201287554, -49.848808740815294, -49.08350192557391, -99.75592145685692, -61.024362688798746, -82.77599478155217, -98.5037569057852, -99.91024876803391, -99.99994835747954]"
"[2.287822515271748, 1.1989641561404945, 3.0189581037756024]","[6.5057447751878446, 53.44969381983026, 1.9708717287527557]","[-3.4942552248121554, -5.784824783607173, -5.915327126234208, -5.944259359736899, -6.130043355552025, -6.125552579276324, -5.937559699983267, -9.62888154080935, -9.575564047010264, -9.57230667332896, -9.775229276845991, -9.803583467627089, -9.474953742448115, -48.9428287515781, -48.51051552030491, -49.39120531856227, -49.17997256569407, -49.66527147730542, -47.96455424474212, -99.5800285887434, -60.88740438817076, -82.68328670299036, -98.49644214625992, -99.91201003576427, -99.99990856644011]"
"[1.6637153639144375, 1.0352148149035603, 2.0793160129716948]","[4.778246191789693, 53.3789186614347, 4.982242133991921]","[-5.221753808210307, -5.616477894317367, -5.802546365094864, -5.8095180337165715, -6.100122981342432, -6.06331478713448, -5.872057488757991, -9.299674955869088, -9.257070161891, -9.178833599559548, -9.634807681314491, -9.622945816058076, -9.152653236551998, -46.01552930986256, -46.47738149708036, -48.44865902995431, -48.154575840584044, -49.16140282824816, -45.34470113595827, -99.0981425956567, -60.79287386856859, -82.51215848863549, -98.48617767770673, -99.91275939918386, -99.99981783689537]"
"[1.536527211156364, 1.0207023519269443, 1.574823529261317]","[4.132053092344625, 54.30652739676003, 7.971685111272692]","[-5.867946907655375, -5.577620022545538, -5.684612358594636, -5.717006193010914, -6.109785708866082, -6.014787744968081, -5.852416886477883, -8.97141412956147, -8.922439162446185, -8.950263026936021, -9.593869910995442, -9.51037086287378, -8.94982036544699, -42.413568155935536, -42.832686328586554, -45.3602795896304, -47.49427337641506, -47.66920647608575, -42.635886591456966, -98.55087100970638, -60.04855580996495, -82.35618600209816, -98.4785099411886, -99.9057413403989, -99.99974097390545]"
"[1.1856525399853854, 1.0, 1.1428925541528945]","[3.32854509413828, 59.99678577114791, 16.61136659756063]","[-6.6714549058617205, -5.367455875146014, -5.5094378015129175, -5.509489750237598, -6.085211061861511, -5.918350997628776, -5.78438982554238, -7.9567897162927945, -8.266245624115387, -8.247066905489618, -9.433111973130863, -9.184889661004847, -8.531245215155435, -29.783958719939562, -35.50397880142877, -39.899701931023756, -45.53538993304794, -44.98429443419043, -36.12396123764336, -97.32100961825499, -58.08451516695767, -82.10952481865985, -98.4639184170166, -99.8889919938791, -99.9995484541454]"
"[1.097831005363362, 1.0024795063269658, 1.1406871877196076]","[3.2409976994099354, 61.94935670617681, 17.97081303718693]","[-6.759002300590065, -5.274297058418595, -5.51179246534198, -5.487940155024004, -6.0691938694088226, -5.910052794536343, -5.779098442194685, -7.7738744801487965, -8.313239077963432, -8.046593563303572, -9.37906804722904, -9.09767145776171, -8.501810504416653, -27.283085629788673, -36.49906994057338, -41.50159770342336, -45.07676977552494, -45.71115008252424, -35.7853920951992, -97.21097688380522, -57.88173319396493, -82.11979558237212, -98.46423744051224, -99.88608541428053, -99.9995209583432]"
"[1.418901217170475, 1.0, 1.1933529437565258]","[3.6122541609270007, 56.74080760285548, 13.536628558827287]","[-6.387745839072999, -5.539841819978004, -5.528173335890345, -5.551975031998046, -6.112709267430514, -5.9363839050473715, -5.805349888647195, -8.358783368748984, -8.293746796922825, -8.52264846703606, -9.537155970820212, -9.288906541720147, -8.649488980730771, -35.277185839973484, -35.603656849771355, -38.84370566412606, -46.51383556947876, -44.5449106401463, -37.81869739527036, -97.65855110170953, -58.53880585476816, -82.13832390925467, -98.46704839074474, -99.89423776549417, -99.9996171718988]"
"[0.7670499631512906, 1.0, 1.0007981042783414]","[2.767848067429632, 81.26286435791557, 35.732595091599464]","[-7.232151932570368, -4.661331375913903, -5.313416485434056, -5.044995971548192, -5.968048882660794, -5.71119665561826, -5.726935612554729, -5.921917362426997, -7.220456000716128, -6.1745511964669735, -8.982088928189679, -8.24683013977322, -8.1785048498143, -0.7943775131578832, -39.711831583913494, -37.98854300008965, -41.009177781849644, -44.5153307485615, -30.32691382483354, -91.57592605385696, -53.99497076849548, -81.94528551082183, -98.45473928179813, -99.84245513010191, -99.99924817405049]"
"[0.8912135894830289, 1.002378460441267, 1.0]","[2.8935920499242958, 71.05736275814833, 27.557164938003787]","[-7.106407950075704, -4.974890834082551, -5.402868232718201, -5.271726008502865, -6.024570491077047, -5.8152193946305655, -5.736819486212513, -6.770221380890195, -7.766680567506588, -7.131006284151183, -9.182156482818113, -8.681133917623056, -8.244092665471571, -11.790232906550273, -34.40390680113424, -41.892882426711125, -42.83717132771153, -45.78336773671137, -31.089435841009493, -95.07486567201546, -55.73989742003183, -81.98272351795788, -98.45651620562612, -99.86282951804066, -99.99935172335049]"
"[1.123934493733705, 1.0, 1.1278006890875618]","[3.2517351828212666, 61.36112619249639, 17.829367348821812]","[-6.748264817178733, -5.3058362037831115, -5.502521890333687, -5.489061918448929, -6.075142880524455, -5.909733643106644, -5.778012390231183, -7.805829997560691, -8.265248506927735, -8.10396503218226, -9.39527787299695, -9.121903902639655, -8.494129616819885, -27.665394001225764, -35.63688958357716, -40.46897626911266, -45.17492119026369, -45.23098419665675, -35.57381870138492, -97.19900079196161, -57.87303391188286, -82.10233606432008, -98.46324366004023, -99.88646648524596, -99.99952365985826]"
"[1.1656265336184903, 1.0, 1.2922372355694547]","[3.457863769187945, 59.40712447165641, 14.259636441547926]","[-6.542136230812055, -5.332732630739723, -5.5927223956681456, -5.566122908136046, -6.071927486845044, -5.9502966445643395, -5.80278848140436, -8.178401954721107, -8.563018667863112, -8.295395116064263, -9.424640347743285, -9.214859594986967, -8.656838690213895, -33.04830686564776, -40.154878478529454, -44.50952700121245, -45.81476326924225, -47.1700576046436, -38.63017235120286, -97.73247857318859, -58.86848848816407, -82.23194836030471, -98.47088845384613, -99.89528967760766, -99.9995975396424]"
"[2.0187282550512613, 1.0, 2.6313719073079636]","[5.650100162359225, 54.07008564333803, 3.0102030033964997]","[-4.349899837640775, -5.710301513494375, -5.8470737991468384, -5.8998719214717905, -6.104272267389542, -6.104702769331992, -5.873414739956242, -9.522622832533031, -9.414679068707049, -9.447435768733673, -9.696582023118692, -9.745133332464091, -9.278760202539521, -48.642775225563405, -47.57079114701955, -48.935326578986306, -48.723064433450084, -49.423863356784736, -46.78239235826806, -99.45055856485618, -60.2934587402156, -82.60062369496823, -98.48896082424349, -99.91318284244402, -99.99988204613113]"
"[1.2799696961603377, 1.0, 1.0364987016537743]","[3.316468397814112, 59.82096208654464, 18.49165148667499]","[-6.683531602185888, -5.456032748138747, -5.4332991908830275, -5.445931596215575, -6.103869586115107, -5.886745545560684, -5.767753818987486, -7.819983195938519, -7.883549840426475, -8.126079148927259, -9.473263922629094, -9.100459019137006, -8.43887191187522, -27.845116822339833, -30.20801687651985, -34.20680448200494, -45.59091658888207, -42.308550143818906, -33.90067912721588, -96.9609864910687, -57.34801300265261, -81.9938056895232, -98.45819699762285, -99.88437345572031, -99.99951399047711]"
"[0.8256314478539912, 1.0, 1.0]","[2.8256314478539912, 75.48815609798363, 31.17880797483621]","[-7.174368552146008, -4.826556341194839, -5.3830853029571655, -5.164869115186462, -5.998044155990214, -5.766216070607509, -5.7314233675652675, -6.429590922247797, -7.531409077221575, -6.691004491271618, -9.087599509334881, -8.481838225535448, -8.208158691915115, -6.684479884982835, -36.780162677550834, -40.08697960915093, -41.96950983847691, -45.47613465907922, -30.66486902385823, -93.504985000047, -54.99594720832188, -81.97596027109611, -98.45705731394108, -99.85385608736296, -99.99930329994824]"
"[2.826411734408615, 1.4234323409937961, 2.861361936831537]","[7.111206012233948, 52.436930992964356, 1.5500910866354067]","[-2.888793987766052, -5.883491311499534, -5.916390310200819, -5.958565420984991, -6.172979246481292, -6.127863793010203, -6.00178765020289, -9.756175563604899, -9.594489022650752, -9.660754523648299, -9.84717517431674, -9.838703031504474, -9.587532648251115, -49.07683191114521, -48.39440903490549, -48.94233098037643, -49.454087258282655, -49.470160888311426, -48.376326201123135, -99.58538198500396, -61.25277593110236, -82.67718962520439, -98.49873660651078, -99.90861423697801, -99.99992150268332]"
"[1.4235977291041986, 1.0, 1.6831884664937633]","[4.106786195597961, 54.72773158170728, 7.994171716593977]","[-5.893213804402039, -5.5100253730743765, -5.722062474522828, -5.719477576281658, -6.088751401902981, -6.021720300745908, -5.842710342699222, -8.955560860413794, -9.001454945094332, -8.864964654086714, -9.549494916696373, -9.477869476814712, -8.946799993743811, -42.279968258195844, -44.36322570406409, -47.21063079678725, -47.30551285371016, -48.52885642517697, -42.98696418616397, -98.62744945131215, -60.3058147978173, -82.39774238690049, -98.47995326827032, -99.90895116899979, -99.99974006609816]"
"[1.5901764006716503, 1.0, 2.0612500601576413]","[4.651426460829292, 53.53670508382528, 5.45028573376649]","[-5.348573539170708, -5.583922120881672, -5.797858673264152, -5.787588013261523, -6.088716638218639, -6.053228504623959, -5.855522226555194, -9.232790094638203, -9.227986625940323, -9.10980177089845, -9.603131560647173, -9.592432910790308, -9.100621256948655, -45.63507662093025, -46.43153721687325, -48.32746511992541, -47.9577286270884, -49.23690429489243, -44.99246459059375, -99.05944970190161, -60.754145643722865, -82.50165695366607, -98.48494359087367, -99.91391410539201, -99.99980658680978]"
"[2.5626559596562197, 1.4336039553867295, 2.4085884929152375]","[6.404848407958187, 52.546082803275304, 2.1936042010651358]","[-3.5951515920418133, -5.857228776914568, -5.874759020789028, -5.9081922327414444, -6.172760410498184, -6.104396678608021, -5.992007738436306, -9.623651432197752, -9.495021152650459, -9.571977163996277, -9.829671307714964, -9.79665632314674, -9.526002153808427, -48.29354110364729, -47.69529140401582, -48.37285495713132, -49.30811971337725, -49.19358584531929, -47.824142005581045, -99.41006236371572, -61.23700626090814, -82.63238902582228, -98.49649000923809, -99.90666363479995, -99.99989560453538]"
"[0.7609490272875061, 1.0, 1.0]","[2.760949027287506, 81.98892890813758, 36.32251384743151]","[-7.239050972712494, -4.642212949187959, -5.3032988606051426, -5.030948008920522, -5.9646235856011804, -5.704709407533622, -5.7262513885629165, -5.838265283690865, -7.180714402041262, -6.112315480255858, -8.96969718592874, -8.218438855131923, -8.17406015592673, -0.03842467544555461, -40.01576606890748, -37.73641811726871, -40.890947973011635, -44.39986517732193, -30.260372359603856, -91.34160944046808, -53.86364373977804, -81.938539418376, -98.4541366462587, -99.84097549479691, -99.99924112033328]"
"[4.932110690883153, 1.8405384261187094, 3.141344666536478]","[9.913993783538341, 51.94699419473514, 0.8229719718919783]","[-0.08600621646165862, -5.997346495611944, -5.96217506041202, -5.984140383233533, -6.215605853951812, -6.140476757710263, -6.076565522192651, -9.825429649875888, -9.687911290155107, -9.725857775584728, -9.927604143810726, -9.86818353414569, -9.75158263904503, -49.52970263883713, -48.880256019404975, -49.06440185211448, -49.78599593137121, -49.54713004401688, -49.148980142678596, -99.6733836245831, -61.57737394482533, -82.73081545501428, -98.50327910655743, -99.90667351961669, -99.99994934177296]"
"[3.581766067342189, 2.1966632604594984, 4.221344692367628]","[9.999774020169315, 52.56034197598088, 0.5406107655844574]","[-0.00022597983068450844, -5.974778979897847, -6.047341735915109, -6.062956856426587, -6.200175220430092, -6.180243246292343, -6.090468594434869, -9.849110891036922, -9.825458030609402, -9.818895150673848, -9.920335179756865, -9.916386911503654, -9.808155166162155, -49.5665605044354, -49.57511512361046, -49.78030055047869, -49.80484991019572, -49.88513260670737, -49.48479709003486, -99.78851600223274, -61.90534121912983, -82.79151507360973, -98.50638041377242, -99.90693555659496, -99.99995854324196]"
"[0.8838493569865286, 1.0010283791966055, 1.0]","[2.884877736183134, 71.4249370567144, 27.915335106089607]","[-7.1151222638168665, -4.960136629980169, -5.401488844819691, -5.261241836543696, -6.021857003392377, -5.810422665360274, -5.735987393794903, -6.7367116126916535, -7.744881930005168, -7.087498839285355, -9.17201856854283, -8.661504785107644, -8.238429362700222, -11.281027549876711, -34.617746231503645, -41.71030384304383, -42.74237450997282, -45.93768586076541, -31.023020961862006, -94.92789603689035, -55.680630857262614, -81.98234065508015, -98.45661511350518, -99.86205616690259, -99.999346738098]"
"[0.8633504107231, 1.0, 1.0]","[2.8633504107231, 72.67446203881966, 28.953557965777826]","[-7.1366495892768995, -4.916204783814501, -5.396623462645006, -5.229700508461968, -6.014004916626439, -5.795951853478213, -5.7342409164632855, -6.63721252989475, -7.678990790384709, -6.959140422902059, -9.143982183513028, -8.603446376495837, -8.226853546146863, -9.785229099933815, -35.302674262758245, -41.180912232365394, -42.484167132193846, -45.97675568414242, -30.88695202553378, -94.47540306166137, -55.47428888719318, -81.98159261270756, -98.45690340668051, -99.8595106124859, -99.9993324825919]"
"[2.0569376098470413, 1.0, 2.176593053065805]","[5.233530662912846, 53.019821892746585, 3.8425504031849487]","[-4.766469337087154, -5.725017081428347, -5.78552353068005, -5.850936303929146, -6.124964547166186, -6.076047021249183, -5.886280162673842, -9.542221780621173, -9.252083524976348, -9.379402553811975, -9.702820604115102, -9.705404163806435, -9.213225448403398, -48.0072318233636, -46.09625514127519, -47.54316743969915, -48.576087282446935, -48.76008392941414, -45.88925891343712, -99.28883694158073, -60.34706636723557, -82.50253014871748, -98.48578117864946, -99.91072325885911, -99.99985952920505]"
"[0.9004140572757382, 1.0008628774913213, 1.0]","[2.9012769347670595, 70.46104713687397, 27.170882767556936]","[-7.0987230652329405, -4.993933999807021, -5.404536271549121, -5.285542949635711, -6.0277443632406795, -5.821556425825192, -5.737094457764193, -6.811405700314097, -7.79097099250105, -7.183145227351874, -9.19283010067673, -8.704607167262097, -8.245949010320189, -12.40189269627112, -34.09245528549192, -41.49224502524473, -42.93135891839208, -45.58054818354992, -31.112117362189206, -95.26952862359482, -55.836921869425424, -81.98165485987386, -98.45632938388793, -99.86398931814841, -99.99935732870634]"
"[1.0644313048103689, 1.0012562294860696, 1.1607179531931389]","[3.2264054874895773, 62.6651159426634, 18.24373612755379]","[-6.773594512510423, -5.231181197451488, -5.524613479029335, -5.479414706017065, -6.060262414179852, -5.9095064355662235, -5.779700691404335, -7.730267014728632, -8.314091687489547, -7.959028915407487, -9.354209708973256, -9.059911032712604, -8.508071403826953, -26.791788993521777, -37.69555699191771, -42.954524404693146, -44.92379359934276, -46.385881696287484, -36.05070788285481, -97.17049312845566, -57.90191766516156, -82.14331466994273, -98.46573262859219, -99.88579257704205, -99.99951691369459]"
"[0.8009070643501839, 1.0, 1.0]","[2.800907064350184, 77.68568502898692, 32.92096333856948]","[-7.199092935649816, -4.761165297536386, -5.364950520029647, -5.117430877505761, -5.986269469385524, -5.744440808015119, -5.729499600197043, -6.273831501016918, -7.413333633769362, -6.489422434689016, -9.046022825087254, -8.390212716033487, -8.195416790779774, -4.365660157387509, -37.89968363834663, -39.26710352839061, -41.58980625315334, -45.10115615943723, -30.51390964397288, -92.76278008096415, -54.61525637764002, -81.96689916209706, -98.45657860680565, -99.84947046148044, -99.99928155423886]"
"[1.9510970012599629, 1.3561048483960232, 2.158705105029967]","[5.465906954685953, 54.10477091341464, 3.4001437032243977]","[-4.534093045314047, -5.7230433614561385, -5.847936059270238, -5.865178024094654, -6.145122068112936, -6.085866195394274, -5.957278098822225, -9.405353819186956, -9.419354508361605, -9.379999315535384, -9.758036031812683, -9.713283709485957, -9.408580787479652, -46.67864431181514, -47.30630189561947, -48.45162940547205, -48.89374009147254, -49.206280902073466, -46.95469348369343, -99.19675601540158, -61.0439625329149, -82.59422935035919, -98.49354637178904, -99.90668493783714, -99.99985242617771]"
"[2.6155761521877254, 1.6612901792997141, 3.1778924498589562]","[7.454758781346396, 52.887625000369304, 1.3120823714189283]","[-2.5452412186536044, -5.860630612672692, -5.973018577661261, -5.980856722092511, -6.169908748801216, -6.14284528068636, -6.025904643719291, -9.71678878620867, -9.693417179972508, -9.665017290478833, -9.854900398484553, -9.845905096174494, -9.659180159788157, -48.90320219284356, -49.0433991507595, -49.545918890809354, -49.52647806894535, -49.75846054090707, -48.78241886980258, -99.61734492332604, -61.66653059728221, -82.7285370127814, -98.50209236094753, -99.90821875997702, -99.99992447908365]"
"[1.4927224156583387, 1.0503135748618921, 1.71561446112543]","[4.258650451645661, 54.68338550088724, 7.1760295280064135]","[-5.741349548354339, -5.547956080326161, -5.734950590680396, -5.744721987770916, -6.100525559197475, -6.032983434956054, -5.86249804495235, -9.019801196990223, -9.06140210254172, -8.957984091487255, -9.590897685182748, -9.51969272000277, -9.026423442311092, -42.98548262497846, -44.69154402733027, -47.18285449567995, -47.62266192282817, -48.534441052251054, -43.665792506729545, -98.69988836164329, -60.38469140327393, -82.42496429742873, -98.4821030834745, -99.9080332232729, -99.99975730453637]"
"[0.9568700789034439, 1.00227795418631, 1.0]","[2.959148033089754, 67.81547592675302, 25.05883562392322]","[-7.040851966910246, -5.096533868740218, -5.4104427614035995, -5.349097390239438, -6.045613571239883, -5.846532237951147, -5.741232469973796, -7.031418299225983, -7.910217592118187, -7.462211931641634, -9.256470331395724, -8.829778859490617, -8.273660128707515, -15.727243687949027, -32.595794245693355, -39.21095773685468, -43.51332517826913, -44.5412345337121, -31.439396220819933, -95.96846475569815, -56.24378068882495, -81.97707580921715, -98.4554584175598, -99.86929244421351, -99.99938913392542]"
"[0.7752808997184015, 1.0, 1.0]","[2.7752808997184015, 80.32539026706934, 35.010308254752644]","[-7.2247191002815985, -4.686913113860772, -5.326553079209891, -5.063491413168681, -5.972795011205017, -5.719660008792685, -5.727427621715273, -6.033098889074131, -7.270547377674932, -6.255588725546477, -8.998462114978768, -8.283743170636958, -8.181800594975236, -1.6809974265293022, -39.20881915854983, -38.31796151800662, -41.15487443600307, -44.66604381437912, -30.352708992620638, -91.8864255157659, -54.1544919505958, -81.95104803843033, -98.45529920397215, -99.84424507275597, -99.99925644811788]"
"[0.8196185115207252, 1.0, 1.0]","[2.819618511520725, 75.99380226277714, 31.579951073180652]","[-7.180381488479275, -4.811148518607265, -5.380249777532215, -5.1537300441042815, -5.995275307071169, -5.76108409757039, -5.730953330144627, -6.393258920037308, -7.504345215862889, -6.6439080896900595, -9.077824467616432, -8.46048129481051, -8.205055823355517, -6.143093117828045, -37.04051828981741, -39.8954885126881, -41.88049277128434, -45.38874276539515, -30.62855830333743, -93.3325653691852, -54.90881097781535, -81.97422641304375, -98.4569960108675, -99.85284316423535, -99.99929821736976]"
"[1.2368772946842657, 1.0, 1.020057350318408]","[3.2569346450026737, 60.594118061577035, 19.422757360588893]","[-6.743065354997326, -5.428618771318104, -5.42229054446837, -5.43146796995634, -6.099142139304699, -5.880182706414428, -5.761601934545531, -7.713949822360689, -7.842451984305148, -8.092252611877205, -9.452356448069976, -9.084107265412259, -8.403493531144239, -26.24527938896196, -29.679672744396953, -33.92705264539168, -45.35376812255157, -42.16295231092272, -33.26934053247954, -96.85083540489103, -57.17245353777172, -81.97604260277402, -98.45679777739008, -99.88259836433049, -99.99949484752679]"
"[1.9292039904939526, 1.0, 2.055363773377596]","[4.984567763871549, 52.83022908426894, 4.414329160530778]","[-5.015432236128451, -5.6998055066207325, -5.771725518937288, -5.832203014305974, -6.12090970436546, -6.0675837560758215, -5.879320074598514, -9.480675526493744, -9.205970443057815, -9.313750715496731, -9.681296366145538, -9.676294452345127, -9.165873658887156, -47.30552029852271, -45.67516537380462, -47.307714496699504, -48.397598916183554, -48.63878322881054, -45.4038330220992, -99.18236511142943, -60.421241397645694, -82.47863708247792, -98.48459409283494, -99.91069931874004, -99.99984120957177]"
"[0.7928187400223201, 1.0, 1.0]","[2.7928187400223203, 78.47536706567722, 33.54710810093572]","[-7.20718125997768, -4.738441064447539, -5.353246455092223, -5.100947795840378, -5.98216083675843, -5.736868636822932, -5.72887528163577, -6.21903636438363, -7.370577563360058, -6.418491685541755, -9.03158108425599, -8.357938044190483, -8.191136152864344, -3.5511618853700497, -38.29548736562114, -38.97919798419094, -41.45735413014634, -44.9691093773752, -30.46356081708096, -92.49863924327599, -54.47761916195702, -81.96277553035311, -98.45627395637821, -99.84790244893377, -99.99927392978636]"
"[1.3314279217093479, 1.0032527459166567, 1.4904040522097386]","[3.8250847198357434, 56.10266005458262, 10.097463084110654]","[-6.174915280164257, -5.459344455079619, -5.6668076438973385, -5.671832889100646, -6.087387063634406, -5.99670096740892, -5.830178019550889, -8.684098718738724, -8.833425072964747, -8.684835702590195, -9.513063603902134, -9.3934491984032, -8.837804068272526, -39.290875687478604, -42.548495829651145, -45.85795900680132, -46.82089921027618, -47.863798309687496, -41.37523434281349, -98.29138620083592, -59.80025850590032, -82.32673338255303, -98.47625823911474, -99.9040661835991, -99.99968916695632]"
"[2.3332587618491147, 1.2319476258804196, 3.0900866584816202]","[6.655293046211154, 53.390413714567885, 1.8425226742012117]","[-3.3447069537888456, -5.795232867377604, -5.925140962448674, -5.950762900304762, -6.133425520503338, -6.128603005182952, -5.946172613312331, -9.643234341363485, -9.596676907768538, -9.589312667495324, -9.785285304124276, -9.811522299300707, -9.500133616042088, -48.99256069104674, -48.62456766348626, -49.44728363911023, -49.23479537123698, -49.694886146124645, -48.10696554173765, -99.59680517370681, -60.95795246331717, -82.69415433653951, -98.49738560597547, -99.91184871888467, -99.99991229595565]"
"[1.1097303904548896, 1.0, 1.2314697844775322]","[3.341200174932422, 60.98342404282567, 16.103503606961098]","[-6.658799825067578, -5.2783864077321985, -5.563796292241704, -5.521310820125736, -6.064919341882001, -5.930264519625238, -5.792131362839936, -7.96505763638519, -8.449264682476514, -8.12595725399631, -9.387599008764763, -9.137252379048228, -8.588400920289747, -30.17923252801046, -39.244340119906994, -44.055223487502985, -45.38264243359845, -46.93084884315428, -37.50260790915674, -97.50446075111368, -58.44107535519895, -82.19579282795576, -98.46883039192753, -99.89106932742696, -99.99955973813879]"
"[0.8379601314834831, 1.0, 1.0]","[2.837960131483483, 74.50315058592665, 30.3983036679153]","[-7.162039868516517, -4.857115726295187, -5.388256706820818, -5.187002017751036, -6.003501254003942, -5.776369431950954, -5.732376647410193, -6.501176966861635, -7.5837987292935365, -6.783486338272092, -9.106860023975901, -8.523897220800375, -8.214340963765762, -7.752185526273649, -36.26867560666466, -40.464112649004086, -42.145766981411015, -45.64871696442808, -30.73852735904711, -93.84177920952996, -55.1650052603715, -81.97872198814288, -98.4570952064577, -99.8558324786335, -99.99931333417955]"
"[0.9798146979074602, 1.0, 1.0011169699169071]","[2.9809316678243674, 66.80617039430955, 24.364710334277504]","[-7.019068332175633, -5.134113332317975, -5.41231127873434, -5.363251857962583, -6.051760591523605, -5.8524179597097294, -5.742470303190135, -7.111987135343689, -7.944285197729386, -7.557624528399913, -9.277894479861155, -8.872299962225677, -8.281516174550331, -16.94877286709354, -32.09936785616691, -38.45120442663449, -43.70894645940464, -44.195210698381146, -31.552320587318174, -96.18544657659733, -56.39734807750269, -81.97468231451556, -98.45522479572689, -99.8712974456587, -99.99940067714176]"
"[1.7778024970429884, 1.0, 1.6609034151355064]","[4.438705912178495, 53.01682464639783, 6.613867607933928]","[-5.561294087821505, -5.6702462975637005, -5.692962208157533, -5.740153108569423, -6.124875214104765, -6.024327412783983, -5.864505043979358, -9.206600402181863, -8.944811400857139, -9.106840677643486, -9.647554477794085, -9.575609160747238, -9.01633323789657, -44.78884604544074, -43.03394073926893, -45.05640422198393, -47.93023815872783, -47.55185129027055, -43.459625966283376, -98.76030762809248, -60.111227982703255, -82.37053520151451, -98.47984297109349, -99.90695727155463, -99.99978150590546]"
"[1.1428509630935162, 1.0, 1.0]","[3.142850963093516, 62.39835912839918, 21.19516345599649]","[-6.857149036906484, -5.34290025813762, -5.409521119659359, -5.407964441237855, -6.086210478442814, -5.869926840443609, -5.751618044769027, -7.502759778474328, -7.815768085254412, -8.001375315601601, -9.400585537674536, -9.0648412961754, -8.343690975827831, -22.96730453711777, -29.46664084681217, -34.335092419947756, -44.81954819350756, -42.32354632665232, -32.27464294702431, -96.66812130838004, -56.881379061904056, -81.95615850094968, -98.4547928793119, -99.87902346614744, -99.99945876071617]"
"[1.0768059679432358, 1.0141352117372298, 1.0696669774573284]","[3.160608157137794, 63.50340915140668, 19.933686558247175]","[-6.839391842862206, -5.256321280094359, -5.465662033990002, -5.441595008060392, -6.070445621978335, -5.887832885986668, -5.767325323322276, -7.5596947781671275, -8.133261687288304, -7.93925986439563, -9.367187706344872, -9.046007002332091, -8.431281146837865, -24.025268056456184, -34.077330752966134, -39.28842629223573, -44.77367379603433, -44.651828478465916, -34.21440673523066, -96.91773425434594, -57.272651883110676, -82.05542677300981, -98.46025570497088, -99.88049684322473, -99.99948069660029]"
"[0.9411401273739892, 1.0, 1.0]","[2.9411401273739894, 68.39555696695977, 25.609790964409296]","[-7.058859872626011, -5.0701291637940376, -5.409333608015287, -5.33924083771046, -6.04088421451382, -5.8424716855368715, -5.739666008440778, -6.975429969570815, -7.881252105051791, -7.390989620662453, -9.238969120938851, -8.797935430802093, -8.263009785140056, -14.87036883206926, -32.94332249453362, -39.77404859891428, -43.35008972760241, -44.79661638346562, -31.315980006687372, -95.82600284439917, -56.159153610942425, -81.97772780238658, -98.4556245860618, -99.86810742366235, -99.99938067720537]"
"[2.9141526729604355, 1.9529132796937365, 3.794396669609629]","[8.661462622263802, 53.106632014774725, 0.8559173720007875]","[-1.3385373777361984, -5.902140302719374, -6.026694907776527, -6.0105747267527745, -6.180518024086139, -6.156774518930202, -6.0609258429523845, -9.771372962402934, -9.780469000340359, -9.735113522146133, -9.887902556244068, -9.878835311520715, -9.750444449234065, -49.24896178276197, -49.47930412485342, -49.73125700994598, -49.69003746673504, -49.87829615926548, -49.24913377973875, -99.71600224733669, -61.85329669428335, -82.7743682436512, -98.50522803444446, -99.90720403582446, -99.99994269031927]"
"[1.2088145035977687, 1.010756746179891, 1.3355530083845866]","[3.5551242581622464, 58.63194297655347, 13.007854011007137]","[-6.444875741837754, -5.369686816597013, -5.612293676498505, -5.595502545676263, -6.077835801513108, -5.962349655737366, -5.812789379304391, -8.3138395640629, -8.642571017664508, -8.410428468136779, -9.454626117806905, -9.267484881721213, -8.716149194148436, -34.82307344103624, -40.81227078801791, -44.81998135101833, -46.14152114631639, -47.33537482085076, -39.46918540416674, -97.88150970131274, -59.10623232548658, -82.26020715791357, -98.47257531522331, -99.89738936526041, -99.99962316188298]"
"[1.029571968618625, 1.0, 1.0020548654533916]","[3.031626834072017, 65.11900249106635, 23.087833603471715]","[-6.968373165927983, -5.2070531218244795, -5.4136454120566535, -5.38502870932726, -6.063984397084133, -5.861239409683581, -5.745780220318678, -7.260263944004354, -7.910145412842201, -7.7336117667273925, -9.321615665171292, -8.950066528157992, -8.303448219332976, -19.215544071433868, -31.181263742634428, -36.99936989059282, -44.110082388173794, -43.53559067723032, -31.827566917445733, -96.53858214699723, -56.62273098838075, -81.9698041066313, -98.45492229997156, -99.87452232689893, -99.99942263651793]"
"[1.1702870972010935, 1.0, 1.2788554716347351]","[3.4491425688358284, 59.37784650184678, 14.376260747602535]","[-6.550857431164172, -5.338645606528107, -5.585891550535814, -5.569032485613777, -6.073759403782675, -5.94842643679274, -5.80176158531496, -8.168942077573671, -8.549697984778785, -8.300916429106865, -9.427349651587576, -9.216727896090985, -8.648080226231047, -32.88969413500183, -39.77313331794896, -44.11220554569168, -45.807788298635046, -46.982672509656965, -38.45138858054929, -97.70556717336352, -58.816375106190975, -82.22175549203737, -98.4702902078493, -99.8948590614513, -99.99959487361131]"
"[2.387490847515469, 1.3108910126219913, 2.7045399394781366]","[6.402921799615597, 52.63832981470463, 2.0518245117339453]","[-3.597078200384403, -5.815426592683396, -5.898855935965144, -5.941971436920287, -6.152830592910382, -6.12057961224883, -5.969817789558347, -9.66066897224286, -9.545589133979488, -9.578117833996009, -9.802636249017926, -9.803321190187923, -9.504455810663092, -48.63473541110261, -48.17017351433918, -48.959374131349136, -49.239103349588405, -49.46553508237539, -47.91543781495384, -99.51066096648877, -61.20287300916311, -82.65302364990441, -98.49656180144446, -99.90976943545225, -99.99990290586278]"
"[1.1000995510722489, 1.0, 1.1563777240059903]","[3.256477275078239, 61.698778713828, 17.627307023854282]","[-6.74352272492176, -5.275476066578179, -5.521197350234607, -5.496503778135789, -6.06838383521994, -5.914214783175467, -5.78115895599067, -7.811330722278777, -8.33761678763952, -8.062019917526335, -9.379885058259822, -9.105290937729809, -8.515093246858799, -27.84941068631271, -36.99691208189704, -41.973527738885096, -45.12479271421506, -45.936059683840995, -36.084236741068, -97.2663645061294, -57.996027615852455, -82.13277884270607, -98.46502166493028, -99.88712720600245, -99.99952818191005]"
"[1.2092720934605121, 1.0121447590385473, 1.1725637163197666]","[3.393980568818826, 59.64806282236957, 15.58444907488896]","[-6.606019431181174, -5.385277831975696, -5.527716457596227, -5.528718885029843, -6.088150227294112, -5.927398404454637, -5.793455130197162, -8.05294204174778, -8.344142795282098, -8.318452467541073, -9.452179888150928, -9.218272428346054, -8.584594110175125, -31.168440532551998, -36.46584829446287, -40.63352382681376, -45.77805472509725, -45.34389678468281, -36.95427597742918, -97.44606090953774, -58.27287319675427, -82.1405338038482, -98.46579419819865, -99.89040283879756, -99.99956827177674]"
"[1.2617249489342042, 1.0, 1.5157754191930328]","[3.777500368127237, 56.93561100131808, 10.636589623918752]","[-6.222499631872763, -5.403967692741115, -5.680571071395179, -5.634049708226745, -6.074110848043277, -5.98241755043343, -5.8253141752182245, -8.600520272800452, -8.829520077706231, -8.568526924135682, -9.4784964637119, -9.342995714325582, -8.826971354053141, -38.44689946084628, -43.40886502982773, -46.806128384223186, -46.61075972497984, -48.39905265242395, -41.39703548645322, -98.26634472223617, -59.826209970912785, -82.34706190873051, -98.47734395796995, -99.90445248739407, -99.9996774507512]"
"[1.0509406164579487, 1.00227795418631, 1.0662384634836075]","[3.1194570341278665, 63.85961645884938, 20.674174680908582]","[-6.8805429658721335, -5.225784704074968, -5.462766418467791, -5.432423282614758, -6.0643469327562975, -5.88401926491215, -5.762314328958959, -7.490992424986345, -8.131846401099224, -7.858219271541777, -9.342242406097563, -9.009920807667724, -8.400054270208878, -22.981445092829887, -34.14160262893179, -39.645939533140904, -44.53011642955698, -44.80574309968742, -33.83152262503529, -96.8634127599738, -57.217735513017566, -82.04829366352298, -98.45983141800922, -99.87978444406149, -99.999468217002]"
"[0.828096314887453, 1.0, 1.0]","[2.828096314887453, 75.28542415611307, 31.01832674991843]","[-7.171903685112547, -4.832801808991871, -5.3841640985962265, -5.1693676879745745, -5.999157195725546, -5.768272124291782, -5.731616462971078, -6.444210901435341, -7.542273402297485, -6.709826988477669, -9.091539748589202, -8.490428643589032, -8.209439016215935, -6.902427112808709, -36.67553746674821, -40.16397581896226, -42.005411889898255, -45.51141842656605, -30.679680205905445, -93.57419468767004, -55.03114919054387, -81.97656028281861, -98.45707310573809, -99.854261854671, -99.99930534704859]"
"[4.606256544614901, 1.6268667134537262, 2.7013888887814486]","[8.934512146850075, 52.048629117969796, 1.2254178875778379]","[-1.065487853149925, -5.950114133166151, -5.913863649757028, -5.936533596465352, -6.2086467764844, -6.1178922893988235, -6.050290953733176, -9.764392863700829, -9.585989206858912, -9.631306922691026, -9.910127272156172, -9.822997511195863, -9.680577151772674, -49.27378301132557, -48.285696455187704, -48.53921950260137, -49.69628040508259, -49.29470802505256, -48.73746538272149, -99.5597437349425, -61.37741491915446, -82.68711049732335, -98.50090304659014, -99.90615382428442, -99.99993329051395]"
"[1.2605988194946534, 1.0119664121483374, 1.387789109081193]","[3.660354340724184, 57.57132926202562, 11.765230793159951]","[-6.339645659275816, -5.410964056608503, -5.632430689950201, -5.628733887063569, -6.083411176830897, -5.975812050090492, -5.821022399641413, -8.465604349816378, -8.720175750340397, -8.531910310856183, -9.482754145736878, -9.322905636100714, -8.768126423056936, -36.71000768424146, -41.41888105629515, -45.101415845901414, -46.44728023276815, -47.485800411763506, -40.25054585492539, -98.04315590739174, -59.382646301934564, -82.2854798824238, -98.47403119262269, -99.89997534590992, -99.99965028627608]"
"[1.241144781119697, 1.0, 1.370215815037333]","[3.61136059615703, 57.69681151728184, 12.259599522613225]","[-6.38863940384297, -5.3967347931607526, -5.62444497678387, -5.618539665290862, -6.0803284401807485, -5.971550648240864, -5.8150790622915025, -8.4195988090266, -8.68656159987422, -8.487432619394824, -9.467936650403033, -9.302577917725188, -8.736310422251531, -36.120045604779335, -41.12329093032517, -44.96426735357582, -46.298298324121745, -47.41249630310172, -39.86981820397282, -97.98906569995371, -59.315226793822475, -82.2713352085853, -98.47313184289499, -99.89961487819055, -99.999640400886]"
"[0.9104913620401529, 1.0, 1.0]","[2.910491362040153, 69.87861382557983, 26.760217520870516]","[-7.089508637959847, -5.013846391193111, -5.406074072350962, -5.29995061598739, -6.0311442383415335, -5.828161608291289, -5.737592726685119, -6.85464508082768, -7.815883084569691, -7.238026683516146, -9.204486711560225, -8.729276638429596, -8.249164487287524, -13.04840218629866, -33.77787322450598, -41.03351524004526, -43.03618952504624, -45.370841849729885, -31.151389359236866, -95.4697347679442, -55.93043163260607, -81.9806581469524, -98.45613760218461, -99.86514046907072, -99.99936335243996]"
"[1.714212144134128, 1.0, 1.8363869477311505]","[4.550599091865278, 53.0567605064068, 5.7971024123716814]","[-5.449400908134722, -5.6413037359386, -5.739895242524026, -5.788672005067128, -6.112933245653083, -6.047872325829459, -5.865100283297861, -9.295320890612857, -9.100688361057408, -9.159875519578076, -9.636394517905803, -9.607294657395782, -9.066554097917987, -45.52071695101267, -44.69101189220494, -46.73999160941791, -47.99512296930513, -48.34794446144991, -44.294087713542076, -98.9383393108382, -60.408851128613655, -82.42830250881957, -98.48199611510807, -99.9098814875256, -99.99980020970791]"
"[0.9929060304579144, 1.0, 1.0025634971200341]","[2.9954695275779484, 66.31437093627754, 23.959451957197622]","[-7.004530472422052, -5.15407937967416, -5.413812807838358, -5.370606947919512, -6.055062034692933, -5.855481370039294, -5.743645838106117, -7.1571627863004394, -7.947883436333749, -7.608935800871813, -9.290070559768884, -8.895131615424582, -8.289068701689414, -17.645197782299277, -31.906504015513804, -38.10769465541864, -43.82565546194928, -44.04042427678229, -31.664889098826748, -96.298008740053, -56.474619865566915, -81.97497939990333, -98.45521854555629, -99.87231480797351, -99.9994075495588]"
"[1.1955185294907618, 1.0068237250540588, 1.5070474674366827]","[3.7093897219815033, 58.26384304721399, 11.584139482916788]","[-6.290610278018496, -5.344663563186668, -5.681876160279527, -5.59032068931887, -6.062610995466003, -5.962389708611536, -5.8217534324645674, -8.462218542529309, -8.779860887040405, -8.420476661195535, -9.444297367043783, -9.276742859440489, -8.810225089544186, -36.99116083123071, -43.95680359934899, -46.309786296543216, -46.35996083594937, -48.32281366201512, -41.213535485379694, -97.94634469845742, -59.68247517191543, -82.35818998527304, -98.47837683213075, -99.90315641744525, -99.99965717245671]"
"[0.8564242774700659, 1.0, 1.0]","[2.856424277470066, 73.14854523583935, 29.32729091665923]","[-7.143575722529934, -4.9006208715376784, -5.3946190875944975, -5.2184440863095745, -6.011244843725686, -5.7907768523249965, -5.7337297216589285, -6.601543438706894, -7.654573328623801, -6.913177605399921, -9.134178801191414, -8.582618304012668, -8.223538689898756, -9.25159753599874, -35.555156804174715, -40.99304730351113, -42.39496997128174, -45.890683970013214, -30.84689292836397, -94.31043236865565, -55.394875657973344, -81.98113762117603, -98.45698550256824, -99.8585566732532, -99.99932745087273]"
"[3.93746071549138, 1.5006718866635913, 2.602837545521981]","[8.040970147676953, 52.07853746221374, 1.4868599185912614]","[-1.959029852323047, -5.937816580687484, -5.893448742451013, -5.921603131829341, -6.19930107181529, -6.110561245960748, -6.029621010012872, -9.745773134330731, -9.54076094467614, -9.599423435037655, -9.889869629605519, -9.807200200028397, -9.628404186368833, -49.16781071486628, -48.003089474385604, -48.348688439332285, -49.603868738696775, -49.199610367844414, -48.45788014159451, -99.52347028959629, -61.25207955263143, -82.66304438547259, -98.49928365423992, -99.90656891958893, -99.9999252048682]"
"[1.3786411877036255, 1.0, 1.8082884687349527]","[4.186929656438578, 55.0475177079251, 7.7525844024847075]","[-5.813070343561422, -5.475949171695822, -5.7602679239150785, -5.699998871912664, -6.074064525510402, -6.012960935491741, -5.840396768308346, -8.965886413671836, -9.065261144665907, -8.8173125433643, -9.530062752373022, -9.45937565635412, -8.979384069849713, -42.530588004044255, -45.73615637207458, -47.50277795866937, -47.31094224891186, -48.86773732703987, -43.59678345782146, -98.7160334281302, -60.541287353895, -82.4495882008479, -98.48267983365328, -99.91177167932243, -99.9997463966317]"
"[1.1869626312030979, 1.0, 1.320076275286249]","[3.5070389064893472, 58.85628416115956, 13.574856765535767]","[-6.492961093510653, -5.351394243789766, -5.604964967753956, -5.581961458805157, -6.074057211489427, -5.957684628547186, -5.80697307726248, -8.258422316195531, -8.60711797793079, -8.355600665743706, -9.437591497230716, -9.242570831401336, -8.684554824198793, -34.09879999848057, -40.57624629886614, -44.76954161677486, -45.97281690591201, -47.30171469647705, -39.081236284480354, -97.82263641025077, -59.03151342103476, -82.24761185800638, -98.47177852808875, -99.89685876437197, -99.99961205161395]"
"[4.5925842638926495, 1.687594306560998, 3.3392354795514763]","[9.619414050005123, 52.30390731176738, 0.809831037305769]","[-0.3805859499948774, -5.980982658874629, -5.963700602632174, -5.993347061803212, -6.2078448360732965, -6.144478961833152, -6.064872586341377, -9.854311782461748, -9.696453432340194, -9.743091779762807, -9.918128480720375, -9.87590285888024, -9.736360786542098, -49.66182593756182, -48.9394532505652, -49.155691992002694, -49.762085967766595, -49.58868364139931, -49.13453086772841, -99.705933422481, -61.378290058897456, -82.73022771504851, -98.50294382058684, -99.90773735076759, -99.99995275566377]"
"[3.2453333988177495, 1.5561722166591787, 2.9343359217900487]","[7.735841537266977, 52.236911671751976, 1.278785119654759]","[-2.2641584627330227, -5.932893867567613, -5.93050895272146, -5.9661679461961326, -6.188554633444059, -6.131533169606252, -6.028354196247261, -9.779572221918723, -9.627020593700212, -9.699148550990259, -9.877441979200713, -9.854136558288607, -9.647369024119529, -49.238542528436085, -48.54782178006074, -48.95033324464962, -49.58461254455994, -49.4816046177504, -48.663705697721454, -99.6147786924537, -61.37854741547512, -82.69456792544585, -98.50038501239735, -99.90768966123169, -99.99993124750694]"
"[2.081851804455842, 1.3696693672010367, 2.461799707690768]","[5.913320879347646, 53.35281456172523, 2.641916965231358]","[-4.086679120652354, -5.754328220790351, -5.890228545015225, -5.901244246691637, -6.14561374460048, -6.105913636625681, -5.967951246015578, -9.534311604953201, -9.512125245524345, -9.467282750832913, -9.777708819677366, -9.754617623857255, -9.473148436416302, -47.65113789525192, -48.04081529733055, -49.012859836248516, -49.07832119340227, -49.48124705196415, -47.58752370644845, -99.36609817878482, -61.31563829046556, -82.63890878503962, -98.49609646689144, -99.9088533912507, -99.99987797832077]"
"[2.9759037407499473, 1.4585355733910215, 3.800481082276594]","[8.234920396417563, 53.725820177033356, 0.9699442064115246]","[-1.7650796035824374, -5.893673396730114, -5.981118269398366, -6.023020763905984, -6.162491028873165, -6.161993444861806, -6.0039274208087665, -9.780317023919503, -9.720560291073431, -9.743080362908852, -9.859164579766777, -9.881098214080039, -9.661165891767181, -49.5720124389298, -49.1896044578699, -49.62420031051548, -49.591372148186345, -49.79911615484178, -48.95589245038254, -99.7468014981677, -60.949577460600054, -82.7588942554735, -98.50249673818243, -99.91015780753516, -99.99994479913094]"
"[2.844497231978756, 1.1522147666059166, 2.058847817719979]","[6.055559816304651, 52.359707278379666, 3.192195714188052]","[-3.944440183695349, -5.846170619837453, -5.785343444351526, -5.825618830249377, -6.169920709372833, -6.0645547182063035, -5.950488504575503, -9.590072636783082, -9.252694687430587, -9.360371492066893, -9.805534404582557, -9.691462227875377, -9.370977480447095, -48.24759703489072, -45.86510428814876, -46.6765486206198, -49.09905236676907, -48.38302596068984, -46.67063399498787, -99.23594251460533, -60.60737630395081, -82.52611375190372, -98.49077930534251, -99.90662462100293, -99.9998760520634]"
"[0.8101851078647758, 1.0, 1.0009682339223807]","[2.811153341787157, 76.8209753581649, 32.213795718795744]","[-7.188846658212843, -4.78614017503728, -5.376000042706598, -5.135780723192664, -5.990688427120317, -5.752841415080342, -5.730446536874566, -6.336516653824319, -7.46073406163933, -6.567834124092476, -9.06202161973982, -8.425907663807305, -8.201667331418454, -5.317164566131339, -37.52046101863945, -39.58513608876866, -41.74126866522724, -45.24670868972879, -30.60359256822563, -93.04910980621588, -54.77129822736006, -81.97229795574673, -98.45692487729504, -99.85125498279109, -99.9992905068158]"
"[0.7826031481007644, 1.0, 1.0]","[2.7826031481007645, 79.52949276919061, 34.38117200969674]","[-7.2173968518992355, -4.708836334195194, -5.337939671378162, -5.079425362093106, -5.976780344473494, -5.726980327016967, -5.728031350072404, -6.1282483941862, -7.313561526783616, -6.3251552543639615, -9.012557068784586, -8.31548187774383, -8.185806117670971, -2.4797499730615016, -38.81799063092157, -38.600259359372615, -41.28379422885078, -44.795533452545065, -30.3992736622136, -92.14941296744188, -54.29361679357369, -81.95641651991471, -98.45576171748426, -99.84581761356897, -99.99926391050354]"
"[0.7645984690798138, 1.0, 1.0]","[2.7645984690798135, 81.55105984771231, 35.977845147989306]","[-7.2354015309201865, -4.653804264498502, -5.309369096361523, -5.039390393733668, -5.9667523646771725, -5.708603627489228, -5.7265502313123875, -5.889085265387908, -7.20430674750294, -6.14971111443008, -8.977174681801944, -8.23550199372852, -8.176015066242744, -0.4669860363768805, -39.80482305580756, -37.88843518131201, -40.9596601282862, -44.46924380928716, -30.284036553398487, -91.4843248733601, -53.93986171009975, -81.94195865223566, -98.45446887872014, -99.84183300670504, -99.99924511722068]"
"[1.1865616629762186, 1.0, 1.2122839207237994]","[3.3988455837000178, 59.45112996304566, 15.21460123375366]","[-6.601154416299982, -5.360986421469064, -5.550065433241556, -5.54550521077679, -6.081120982845404, -5.936010986813213, -5.794880924963673, -8.093607875934483, -8.447071820307857, -8.301291687990519, -9.435808231917468, -9.213381669398597, -8.597902210841243, -31.754055848727447, -37.77834976752365, -42.08831957351323, -45.72730699324684, -46.02552138713841, -37.442858574395686, -97.54450326468502, -58.50575984733448, -82.16910931762756, -98.46729394330461, -99.89237921277254, -99.9995769651156]"
"[3.6590883759043464, 1.6960357097158716, 3.151955200537914]","[8.507079286158133, 52.151646306272795, 0.9942642039110084]","[-1.4929207138418672, -5.9693747352621855, -5.955447367226807, -5.987113803143841, -6.198810790485811, -6.1415623160155635, -6.0510598248252085, -9.813845006375356, -9.677410741175892, -9.736141740638534, -9.899865593643128, -9.872016186753878, -9.703923644168269, -49.420617345198025, -48.83065290343327, -49.12922010470154, -49.68703040437583, -49.571811249528714, -48.96027445263628, -99.66899618345002, -61.49269081824459, -82.72021008222256, -98.50214928063255, -99.90745225575601, -99.99994219976]"
"[1.3976133026893671, 1.0072979047762247, 1.5170945199155925]","[3.922005727381184, 55.376279168843766, 9.3115363292168]","[-6.077994272618816, -5.502432755000159, -5.672241694094808, -5.690709952684468, -6.0954368444734754, -6.003653505200688, -5.837220463167421, -8.790773306548287, -8.869384957082366, -8.786198927298274, -9.541895481074702, -9.438360266463311, -8.87410276705409, -40.46807889962701, -42.57708866308957, -45.60151403146247, -47.06243593521701, -47.757326363936286, -41.79533693078039, -98.38408216899468, -59.89763465108604, -82.33465411951443, -98.47684620585896, -99.90485250425156, -99.99970776468403]"
"[1.1296000440444907, 1.0105667104097127, 1.1469907085366602]","[3.2871574629908635, 61.38287753797261, 17.217660950592688]","[-6.712842537009136, -5.3084830230317746, -5.515451243872171, -5.499557465528378, -6.075664724578783, -5.914915409836033, -5.784137565748647, -7.8535822091906535, -8.326466465847325, -8.133941823148328, -9.404148613803601, -9.1365073762237, -8.530816230872961, -28.411284796309445, -36.42135431409416, -41.1387015291495, -45.31283151964247, -45.55426139722586, -36.14974570181297, -97.27483199291325, -57.9723201892357, -82.12590042626863, -98.4646475859492, -99.88710082373952, -99.99953481871346]"
"[1.9466055830629871, 1.0, 2.6878580689225267]","[5.634463651985514, 54.07104360479171, 3.0782283096139365]","[-4.365536348014486, -5.693186177925252, -5.859368034823535, -5.885803777832617, -6.095240780569121, -6.098373454901691, -5.865626890570217, -9.486647370291456, -9.435785551405012, -9.417915781992367, -9.682940658734543, -9.733736905493025, -9.272939109154002, -48.49072114847084, -47.79088390303261, -49.07095932785647, -48.67940869997686, -49.55573760152788, -46.80501388878773, -99.41162374098883, -60.40029200834242, -82.61849270944458, -98.4895527732771, -99.91423975436474, -99.99987842991413]"
"[1.2249732226752046, 1.0421344809364732, 1.4956259836189316]","[3.762733687230609, 58.4981616878351, 11.06218711821058]","[-6.237266312769391, -5.36934945200962, -5.68039973733212, -5.604887502686807, -6.07225573873087, -5.969087779657526, -5.83353224080751, -8.491853754238608, -8.810065761020615, -8.489059953402716, -9.475333228378734, -9.307253235807124, -8.854374051164474, -37.33408977338217, -43.7896042379242, -46.57811183279013, -46.583319271547296, -48.44438320863324, -41.517303124827905, -98.07399513707296, -59.61516920876416, -82.3636067515157, -98.47888828944436, -99.90180614246422, -99.99966533004428]"
"[0.928035348097789, 1.0, 1.0]","[2.928035348097789, 69.00167466924718, 26.07855857305853]","[-7.071964651902211, -5.046710470437174, -5.4081611947920045, -5.323505380541061, -6.03683395412751, -5.838456227614492, -5.738807986403518, -6.925563369585237, -7.855388194064575, -7.328038418000672, -9.224666660795338, -8.769738483879681, -8.257219751480163, -14.11722999323112, -33.28664156989038, -40.29356622762097, -43.21978142348445, -45.033430073202965, -31.24628683895685, -95.69154384145232, -56.067155264408704, -81.97910532255297, -98.45583364896913, -99.86689815490583, -99.99937350693259]"
"[1.7203822693692425, 1.1031406304699511, 1.8855950535404258]","[4.70911795337962, 53.55495711151733, 5.252028321024076]","[-5.29088204662038, -5.647441068479382, -5.771387574903369, -5.804486450942563, -6.120628797715409, -6.05639719955049, -5.893083354242216, -9.266744281103005, -9.197781267751628, -9.190917178891329, -9.667257265072028, -9.624495445721607, -9.169858217997554, -45.352574236106136, -45.56803958350892, -47.38856575190208, -48.23366425732728, -48.66718766309082, -45.08032575202493, -98.96413772628644, -60.66015491962539, -82.481358575766, -98.48587017924935, -99.9086557419496, -99.99980720810755]"
"[1.9147871543458423, 1.0, 1.4758645313144443]","[4.390651685660287, 53.27942705429786, 7.821420313126321]","[-5.609348314339713, -5.720732056765743, -5.634041503809529, -5.674026786148256, -6.138534609756173, -5.99295871761149, -5.86027901920899, -9.071542913807605, -8.71530429188162, -8.892868525213945, -9.665854973698963, -9.466502606005744, -8.954158884831871, -43.67969374278855, -40.57668484521884, -42.48856806109852, -47.89402912584968, -46.34132785968458, -42.32347376965458, -98.49782602907257, -59.65013140790611, -82.29980723392849, -98.4774777877891, -99.9029371209974, -99.99975464232763]"
"[1.3777462989741254, 1.0, 1.572912528613517]","[3.9506588275876426, 55.341442753372455, 9.059021871243878]","[-6.049341172412357, -5.486571514246959, -5.691552428309208, -5.696731728288083, -6.088875545537251, -6.010665490972402, -5.836230222276204, -8.819655185021109, -8.911146245104865, -8.776703406997537, -9.531607810764509, -9.436213906450188, -8.887799444612806, -40.8133265433048, -43.369538024666404, -46.44858325608987, -47.05814812220481, -48.1556949512308, -42.13479784201215, -98.4533996354647, -60.04906633669871, -82.35786969392562, -98.47789212664071, -99.9064786588575, -99.99971409371413]"
"[1.3880387833542775, 1.0, 1.6599851978831162]","[4.048023981237393, 55.09144134738019, 8.402954058349833]","[-5.951976018762607, -5.488818891932177, -5.718200195688091, -5.703023037466744, -6.085092628959477, -6.014164739936996, -5.839552312652927, -8.89658277959026, -8.979285686290595, -8.811470303313161, -9.535602066488227, -9.453892405927629, -8.928272404337205, -41.68343692357536, -44.3147574824785, -47.29829126159116, -47.18832721140397, -48.56321513553726, -42.76800856782857, -98.57363429958721, -60.25745834803678, -82.39281097797429, -98.47968872162613, -99.90852989180382, -99.99972990737004]"
"[1.7447039774835256, 1.0, 2.056750502267917]","[4.801454479751443, 53.06324902284825, 4.854289449428705]","[-5.198545520248557, -5.645405757899636, -5.783592859123284, -5.8338796181685, -6.105766744840263, -6.070010180080262, -5.8672051432843455, -9.364146886471632, -9.222072835610486, -9.232174396514075, -9.644117784420832, -9.644523519676968, -9.132253136769206, -46.55281152050737, -45.99397572219894, -47.89612202729617, -48.18734920213912, -48.90331326002991, -45.1885161570718, -99.12848280684143, -60.5901894190323, -82.48757641511945, -98.48449089171744, -99.91219619484863, -99.99982522389203]"
"[0.8438684737143204, 1.0, 1.0]","[2.8438684737143203, 74.05496766789537, 30.043290894298877]","[-7.15613152628568, -4.871342118376233, -5.3904640872992635, -5.197292141484267, -6.006033437844183, -5.781073730941599, -5.732808104159293, -6.534157399093019, -7.607409452812034, -6.826130166308734, -9.11578941828613, -8.543196256711886, -8.217277171339717, -8.244562038735324, -36.033731256151384, -40.63757414928757, -42.22737632776, -45.728224355399306, -30.773454977661274, -93.99656054598445, -55.24169122396137, -81.97969077931711, -98.45707981559394, -99.85673390784062, -99.99931796643668]"
"[1.3223263412937356, 1.0069080133854462, 1.458966569365105]","[3.7882009240442867, 56.36846516075406, 10.446267039645438]","[-6.211799075955714, -5.454567611682849, -5.6562449553719505, -5.663068959995725, -6.0882435139422, -5.991431078252797, -5.828764320721142, -8.638513507395762, -8.804440602704128, -8.660717764339307, -9.51029232346501, -9.381838424454793, -8.8223984671142, -38.75661690521691, -42.15377592772321, -45.513564446868344, -46.75774524323154, -47.698015342245846, -41.09597206633226, -98.2306095821561, -59.69261294000121, -82.31398270175626, -98.47561025285152, -99.90297602953368, -99.99968075622061]"
"[3.7303193139092077, 1.7897180490055067, 4.017358167936433]","[9.537395530851148, 52.77118918267748, 0.6329257926411136]","[-0.462604469148852, -5.973412600991039, -6.010043739874763, -6.047787509876795, -6.194393125760771, -6.170309110273234, -6.061939422092411, -9.860639075150255, -9.774758757642244, -9.813654799564564, -9.908617773389011, -9.911610590661557, -9.759848031612908, -49.69078816126202, -49.362328160466845, -49.60636873015338, -49.760930476078016, -49.800698842194414, -49.317588748585905, -99.79215951519114, -61.39470971140656, -82.77187328076435, -98.50480786600406, -99.90866093026426, -99.99995818490868]"
"[2.395047335733336, 1.072153616628589, 2.807776335254259]","[6.274977287616185, 54.35762326691604, 2.2247145558217243]","[-3.725022712383815, -5.782686785783228, -5.86321364605482, -5.93660438891054, -6.1313069984798085, -6.116392167812538, -5.915332131972172, -9.659232293545365, -9.473052818259458, -9.572587962177163, -9.764164490998487, -9.798008289943393, -9.399960656052606, -49.26550793482485, -47.8480011127184, -48.80126016487184, -49.083992435698065, -49.38200433851017, -47.5127377220548, -99.58780240647846, -60.193587336369106, -82.62777287555659, -98.49209869866158, -99.91088149635259, -99.99990835081269]"
"[2.3311801867670794, 1.2583828317279253, 2.6045205688570414]","[6.194083587352046, 52.65346507812528, 2.2716530548525675]","[-3.805916412647954, -5.803069616788623, -5.8821894403123345, -5.928440566740558, -6.149201502211966, -6.113950930544959, -5.9583533172548, -9.644134866657389, -9.507234802527888, -9.551941202957252, -9.789806370093599, -9.790527016912517, -9.466835237310933, -48.53047400547795, -47.921905150287465, -48.7900465032357, -49.15956018437451, -49.38117248295647, -47.672591314382764, -99.4777316568601, -61.0995048543916, -82.63328415473703, -98.49518376073743, -99.90988853986414, -99.99989670069762]"
"[0.9189684787008268, 1.0, 1.0]","[2.918968478700827, 69.44501330021178, 26.422750622615908]","[-7.081031521299173, -5.0299287582898975, -5.407159140598593, -5.311494510036434, -6.033936860160842, -5.833454431909437, -5.738189228449075, -6.889528469666178, -7.83567850674341, -7.282426958467484, -9.21437156068123, -8.749235945954158, -8.253026997960745, -13.573823323831647, -33.53582657200391, -40.66939177007703, -43.12625175804416, -45.204787406979875, -31.197473966950938, -95.59430517752048, -55.99861210929287, -81.9799826445033, -98.45598673743937, -99.86601039776271, -99.99936834125982]"
"[4.918923827997412, 1.8367081842050106, 3.140819741744175]","[9.896451753946597, 51.94820199196272, 0.8253915567575465]","[-0.1035482460534034, -5.99710247804622, -5.961896633772254, -5.983987994498124, -6.215427294126494, -6.140401116744393, -6.076211211276314, -9.825459568197513, -9.687430630908747, -9.725581566522376, -9.927308747725174, -9.868047754567927, -9.75086955447251, -49.52982810326492, -48.87782441026323, -49.063066530496364, -49.78494476244911, -49.54643982390706, -49.14614246612303, -99.67320571964615, -61.57475157355353, -82.73052511861903, -98.50325935542863, -99.90669120293674, -99.99994927731098]"
"[0.8083613797562261, 1.0, 1.0]","[2.808361379756226, 76.99037130648591, 32.36930840747079]","[-7.191638620243774, -4.7814511354338185, -5.374355668483074, -5.132200037924025, -5.989930008870984, -5.7511993758608355, -5.730077139359523, -6.322601383639341, -7.450850188986528, -6.552546471728114, -9.058950598616796, -8.418935202812962, -8.199325356065657, -5.0911172344728755, -37.54823266106206, -39.523774495807864, -41.70816889119314, -45.21847390060575, -30.559886793103114, -92.99625695644778, -54.73624306060085, -81.97021359880907, -98.45678953211274, -99.85085544266634, -99.99928835105598]"
"[1.7572416634952868, 1.0, 2.132982060156931]","[4.890223723652218, 53.10881575040624, 4.592816327840676]","[-5.109776276347782, -5.647797578435228, -5.79654901040007, -5.837995179051815, -6.103372153037281, -6.07623748738425, -5.867154617874132, -9.372772253539445, -9.256978411745001, -9.252935451216937, -9.64683398746514, -9.655088227805548, -9.151688903316034, -46.83569721121916, -46.33950257865552, -48.19215821938069, -48.247211175108035, -49.046145701773746, -45.440701236156606, -99.1825056717564, -60.623721841793895, -82.50623500995408, -98.48525892380351, -99.91281654734853, -99.9998324474036]"
"[1.1105935734134844, 1.0, 1.0]","[3.1105935734134844, 63.05667718559483, 21.660891136992973]","[-6.889406426586516, -5.308016618540724, -5.410468687135749, -5.403353269422616, -6.080623169939072, -5.8682115155032, -5.749910891701164, -7.441460369064, -7.837035521237292, -7.940059598122279, -9.380500261004315, -9.03902738511435, -8.331884700861503, -22.00889285123671, -29.85028414885508, -34.95949902150139, -44.636991904553554, -42.60664612215075, -32.13442315405804, -96.6341420074959, -56.82500272571485, -81.95865566384555, -98.45467778949622, -99.87798535328919, -99.99944939146667]"
"[1.2922924258642035, 1.0, 1.2163530806440495]","[3.5086455065082527, 57.81207954106099, 13.999879445595338]","[-6.491354493491747, -5.451392783171315, -5.546612629281441, -5.560879950157114, -6.097040062569502, -5.9416546902417835, -5.801896120019762, -8.265577342293295, -8.397123269782831, -8.476419521222898, -9.489192489606463, -9.288280746471154, -8.634634471499526, -33.99960583758485, -37.00241651137067, -40.73893418820049, -46.16937545695225, -45.416520527209215, -37.849378307331655, -97.65182396878909, -58.63581592098947, -82.16212458779864, -98.46742177905905, -99.89431411413273, -99.99960396592455]"
"[0.7883448965079154, 1.0, 1.0]","[2.7883448965079154, 78.92919994853341, 33.90628572754164]","[-7.211655103492085, -4.725632947166518, -5.3465974339220255, -5.091633840756975, -5.979829647598943, -5.732591653230683, -5.72850611879952, -6.187856455310751, -7.346034079539012, -6.3780587729651845, -9.023339307926404, -8.339564583226426, -8.188791346451346, -3.0879514967354282, -38.52113314227341, -38.815315179700484, -41.3822265747319, -44.89414870858754, -30.435503094604833, -92.34788691801772, -54.398290927529644, -81.96011256941996, -98.45606961822446, -99.84700482749047, -99.9992695967074]"
"[1.0472478077332945, 1.0, 1.0]","[3.0472478077332945, 64.62828597203085, 22.782345335293382]","[-6.952752192266706, -5.231122027239677, -5.411840025622719, -5.389180870459525, -6.068065556511094, -5.862744465800743, -5.746298473106995, -7.29960676412751, -7.886111806273515, -7.784402335244532, -9.335585403717452, -8.972053145240537, -8.307567945502976, -19.81089532012868, -30.764365006570728, -36.41554935868544, -44.228706072249395, -43.26782946716065, -31.84535118729535, -96.55420533459548, -56.66435467290785, -81.96494910859828, -98.45467807594089, -99.87530707117773, -99.99942808707088]"
"[3.4311946310604573, 1.7914316529176921, 4.034368283488203]","[9.256994567466354, 52.69507195742913, 0.6769200091195111]","[-0.7430054325336464, -5.953152822117706, -6.016030134870234, -6.051231707939408, -6.187627807350536, -6.172471518704059, -6.056044279460386, -9.835429626347779, -9.780401990457237, -9.7988952680135, -9.900098551343458, -9.90635300181932, -9.752114010638573, -49.61066204299807, -49.40257884528248, -49.67823677276751, -49.73642378976431, -49.83307752775908, -49.29384339003836, -99.78261932983614, -61.511054255793525, -82.77570715304813, -98.50499702044506, -99.90889653650359, -99.99995482611507]"
"[0.9565899148639619, 1.0023254778492665, 1.0679358803209578]","[3.026851273034186, 67.20828242033643, 23.184505846997325]","[-6.973148726965814, -5.084939070318737, -5.461161682826919, -5.3620364630483985, -6.039538947882607, -5.856852316637668, -5.756357800617816, -7.202623695191832, -8.023332420206224, -7.501095627516394, -9.257176934956355, -8.85082869875004, -8.363831498406313, -18.867653845318728, -36.107727214957606, -42.61299351290674, -43.79070876040899, -46.158509227274294, -33.44395168973418, -96.09763466136796, -56.760107515188935, -82.06428024227068, -98.46131104915389, -99.873769089273, -99.99942653166326]"
"[3.182072407862077, 1.6405844028411936, 3.5243975882096406]","[8.34705439891291, 52.560798319403204, 0.9312752814470777]","[-1.6529456010870902, -5.927807419560569, -5.980651050413007, -6.018863075398254, -6.182542903633816, -6.156816504800726, -6.03703701841859, -9.80888443451503, -9.720981521079448, -9.755476629069776, -9.882448317132711, -9.8851537260625, -9.698411815750445, -49.456684940801075, -49.11774682446068, -49.477344420833035, -49.65074659381594, -49.73350011532237, -49.02464911276595, -99.72044857337148, -61.44590906483345, -82.74322186948909, -98.50287548381006, -99.90883392377327, -99.99994411022561]"
"[1.0133603146309178, 1.0128567324137943, 1.0050111010836822]","[3.0312281481283945, 66.08020373845852, 23.200212899617913]","[-6.9687718518716055, -5.181333913991964, -5.416610856035759, -5.37890717385811, -6.060633075759895, -5.858971263301712, -5.748386514163739, -7.220918938377633, -7.9510549247534055, -7.686812791373933, -9.314241639978187, -8.93001756132898, -8.32088282853424, -18.67844432019899, -31.865663580473864, -37.77009890029606, -44.07340518227994, -43.89612919909695, -32.06509906155471, -96.41863550030133, -56.51294256751346, -81.98283823051798, -98.45561684920767, -99.87295450160548, -99.99941939866213]"
"[2.933632410740432, 1.2825863276360818, 3.6902126648782976]","[7.906431403254812, 55.27394753587736, 1.1227840308479822]","[-2.093568596745188, -5.868220746038092, -5.9489574303574155, -6.015458024624494, -6.151616449689123, -6.154187411565789, -5.972025033071559, -9.771886710529547, -9.669412617368508, -9.729327001719632, -9.839160011016856, -9.873059102174293, -9.602419506094988, -49.71456649080806, -48.97280585901426, -49.48675548363179, -49.51313746658599, -49.729834196214135, -48.729022038182585, -99.71564386526715, -60.21756288214055, -82.74458711602674, -98.49992531287947, -99.90995816798318, -99.99994338795334]"
"[1.4125637812502485, 1.0, 1.4111002306966847]","[3.823664011946933, 55.47635084587563, 10.28421232402518]","[-6.176335988053067, -5.518528297762849, -5.630143345477498, -5.6552780228379556, -6.102244703981961, -5.98594854209982, -5.829546030913692, -8.69904798012634, -8.72351583559379, -8.752538972506535, -9.54322091978121, -9.418295553338499, -8.810856771458344, -39.385308800209, -40.75602314956021, -43.829813357338324, -46.92501999079525, -46.91550157938248, -40.76673136239961, -98.20768960586139, -59.55684671559818, -82.27762526359274, -98.47397774813342, -99.90218517027361, -99.99968669333258]"
"[0.7701729029997633, 1.0, 1.0]","[2.7701729029997635, 80.9013029831694, 35.46540740066115]","[-7.2298270970002365, -4.671266974259707, -5.318414002651626, -5.052076420902106, -5.969946653882461, -5.714426173119214, -5.727007586538792, -5.964995044106761, -7.239381543468824, -6.205517907013133, -8.988392864558573, -8.26093894138558, -8.17902242678203, -1.107883186093261, -39.48989155197552, -38.11473484237433, -41.06261020245114, -44.573343637179214, -30.31998227062537, -91.69783237740695, -54.05372364472749, -81.94691071780235, -98.45492315286015, -99.84310958887039, -99.99925109736733]"
"[1.0645102805904243, 1.0060751712547176, 1.0016551488564578]","[3.0722406007016, 64.34802063112619, 22.310370513128124]","[-6.927759399298401, -5.252077308604401, -5.413358953495612, -5.394415721138878, -6.071960076957878, -5.864908104079516, -5.749065819098335, -7.344851803111165, -7.8849315275661045, -7.835865257824565, -9.351471284054861, -8.994735931521834, -8.326012698868897, -20.53373345732129, -30.69261075849431, -36.150621902381204, -44.38760170822667, -43.15250452513385, -32.082095089473626, -96.58833966593188, -56.70243998487609, -81.96883495784957, -98.45494936731043, -99.87587273198343, -99.99943604006307]"
"[2.4915401181944907, 1.5389248950707115, 2.8008249542272]","[6.831289967492402, 52.817012229303806, 1.704268936567586]","[-3.1687100325075983, -5.842052079582448, -5.931910372731294, -5.958653294296309, -6.167183799438825, -6.129329417267102, -6.007312487760539, -9.671846303453869, -9.61878053271663, -9.617526609478483, -9.836332666748161, -9.822649514127264, -9.595270745583639, -48.58810204784323, -48.576066456026055, -49.19276041493081, -49.405734900713156, -49.58516577765645, -48.37420671946485, -99.52882408888205, -61.5044141792136, -82.68857449608869, -98.49955644422337, -99.90795173066124, -99.9999102713971]"
"[3.327163212041822, 1.962342199682431, 3.741864490725524]","[9.031369902449777, 52.464867552991784, 0.734231770456587]","[-0.9686300975502231, -5.951362911394135, -6.014989630338024, -6.039209484547438, -6.193951074662763, -6.167284948972842, -6.069756800761722, -9.823870563644178, -9.778073030572296, -9.784231401766876, -9.904514946218868, -9.899741123653682, -9.762071136859893, -49.43636378616986, -49.36853126277779, -49.64008003766083, -49.73809215077102, -49.81521955600339, -49.28176293189138, -99.73904978474877, -61.79336228934697, -82.76774321041809, -98.50484012902844, -99.90739619697369, -99.99994964397499]"
"[2.0428943257539833, 1.1702625106487201, 2.4814779702891983]","[5.6946348066919015, 52.89917182591795, 2.909718285521746]","[-4.3053651933080985, -5.7371092831432, -5.866224780421094, -5.900055840859378, -6.129080725305535, -6.105106246478531, -5.9271249005484306, -9.535904496740493, -9.453866939451508, -9.447679546821195, -9.740186266213913, -9.74509135141369, -9.376956371492758, -47.96891003295401, -47.695087966205904, -48.86593529132742, -48.892712145487465, -49.40118791035922, -47.12305273072517, -99.39415585806113, -61.04514015414385, -82.60842933086164, -98.49285802880655, -99.91140943585795, -99.99987609386926]"
"[3.429098876290314, 1.791004703888216, 4.033866792548736]","[9.253970372727267, 52.69533482025158, 0.6775538488257564]","[-0.7460296272727334, -5.952968961005283, -6.0160146740537, -6.051202642511891, -6.187567452684084, -6.172461942952432, -6.055960193464263, -9.835228733676953, -9.780348389261782, -9.798720775224925, -9.900009120988898, -9.906280483003803, -9.751972230273452, -49.61005641830497, -49.40249890217994, -49.67849655452771, -49.73613349813766, -49.83318270202114, -49.29331854781103, -99.78249876691748, -61.51124051323774, -82.77569107364164, -98.50499532382769, -99.90889879204923, -99.99995479210014]"
"[0.8494311585167265, 1.0021558884327648, 1.0020790712438044]","[2.8536661181932956, 73.75396400434403, 29.634918789663065]","[-7.146333881806704, -4.883182743745095, -5.393620456579212, -5.205994381933975, -6.008209836127264, -5.7850891748611115, -5.734246653806564, -6.569200489820723, -7.6319889394274245, -6.866030157618072, -9.125120251904146, -8.56136388060067, -8.226691649688657, -8.812514261669463, -35.97491483825175, -40.80524852259393, -42.32741918169839, -45.80465455090159, -30.916545110850997, -94.11719850038152, -55.30411176517833, -81.98394841606873, -98.45726643792008, -99.85753123344793, -99.99932371403497]"
"[1.3723082351846014, 1.0, 1.7171231894531898]","[4.089431424637791, 55.185649635404474, 8.224189096114621]","[-5.910568575362209, -5.4757283378453, -5.736194230431244, -5.696191797458248, -6.079081688953518, -6.011121669610258, -5.839315197023099, -8.9105555301482, -9.012572885000418, -8.79719939558467, -9.528582419096827, -9.448885960981922, -8.946142718094249, -41.893051722911935, -44.9782443474832, -47.468311267004, -47.20587302313538, -48.85160261082712, -43.0878926285648, -98.62476219891145, -60.374565953601106, -82.41707864996435, -98.48096325901973, -99.90984069985038, -99.9997344231836]"
"[0.7685360198935315, 1.0, 1.0]","[2.7685360198935314, 81.09039392588029, 35.614148274561614]","[-7.231463980106469, -4.666169297602503, -5.315769923774793, -5.048371363516097, -5.969015771044149, -5.71273376000991, -5.7268731769703995, -5.942878579965486, -7.229270494180322, -6.189297538676691, -8.985123893641223, -8.253538249477002, -8.178136682896733, -0.9213836867068608, -39.581469720851516, -38.04873167295435, -41.03262766222579, -44.54312814861036, -30.309452182878463, -91.63569329395555, -54.02084422315823, -81.94548724685679, -98.45479922158538, -99.84273883602421, -99.99924935678888]"
